strategy,chapter,evidence_recall@1,page_hit@1,evidence_recall@3,page_hit@3,evidence_recall@5,page_hit@5,evidence_recall@8,page_hit@8,evidence_mrr,budgeted_evidence_recall@1,budgeted_page_hit@1,budgeted_evidence_recall@3,budgeted_page_hit@3,budgeted_evidence_recall@5,budgeted_page_hit@5,budgeted_evidence_recall@8,budgeted_page_hit@8,budgeted_evidence_mrr,anchor_evidence_recall@5,items
bm25_only,central_disorders_of_hypersomnolence,0.4946524064171123,0.5561497326203209,0.6229946524064172,0.6684491978609626,0.6737967914438503,0.7058823529411765,0.732620320855615,0.7593582887700535,0.5792971734148205,0.4946524064171123,0.5561497326203209,0.6229946524064172,0.6684491978609626,0.6737967914438503,0.7058823529411765,0.732620320855615,0.7593582887700535,0.5792971734148205,0.6737967914438503,187
bm25_only,circadian_rhythm_sleep_wake_disorders,0.5583333333333333,0.6166666666666667,0.7166666666666667,0.7833333333333333,0.7958333333333333,0.8583333333333333,0.85,0.9,0.6652976190476191,0.5583333333333333,0.6166666666666667,0.7166666666666667,0.7833333333333333,0.7958333333333333,0.8583333333333333,0.85,0.9,0.6652976190476191,0.7958333333333333,120
bm25_only,classification_coding,0.3,0.3,0.4,0.4,0.5,0.5,0.6,0.6,0.39166666666666666,0.3,0.3,0.4,0.4,0.5,0.5,0.6,0.6,0.39166666666666666,0.5,10
bm25_only,insomnia_disorders,0.4411764705882353,0.5294117647058824,0.5882352941176471,0.6274509803921569,0.6127450980392157,0.6862745098039216,0.6715686274509803,0.7450980392156863,0.5240429505135387,0.4411764705882353,0.5294117647058824,0.5882352941176471,0.6274509803921569,0.6127450980392157,0.6862745098039216,0.6715686274509803,0.7450980392156863,0.5240429505135387,0.6127450980392157,102
bm25_only,introduction,0.35,0.4,0.35,0.4,0.55,0.6,0.6,0.6,0.45,0.35,0.4,0.35,0.4,0.55,0.6,0.6,0.6,0.45,0.55,10
bm25_only,other_sleep_disorders,0.7,0.9,0.95,1.0,0.95,1.0,1.0,1.0,0.8166666666666667,0.7,0.9,0.95,1.0,0.95,1.0,1.0,1.0,0.8166666666666667,0.95,10
bm25_only,parasomnias,0.505586592178771,0.5921787709497207,0.6480446927374302,0.7150837988826816,0.6843575418994413,0.7541899441340782,0.7262569832402235,0.7932960893854749,0.5864658153764299,0.505586592178771,0.5921787709497207,0.6480446927374302,0.7150837988826816,0.6843575418994413,0.7541899441340782,0.7262569832402235,0.7932960893854749,0.5864658153764299,0.6843575418994413,179
bm25_only,sleep_related_breathing_disorders,0.3958333333333333,0.453804347826087,0.5634057971014493,0.625,0.6648550724637681,0.7255434782608695,0.7246376811594203,0.779891304347826,0.5158546842650104,0.3958333333333333,0.453804347826087,0.5634057971014493,0.625,0.6648550724637681,0.7255434782608695,0.7246376811594203,0.779891304347826,0.5158546842650104,0.6648550724637681,368
bm25_only,sleep_related_medical_neurological_disorders,0.68,0.8,0.78,0.84,0.84,0.86,0.9,0.9,0.7516904761904761,0.68,0.8,0.78,0.84,0.84,0.86,0.9,0.9,0.7516904761904761,0.84,50
bm25_only,sleep_related_movement_disorders,0.43202979515828677,0.49162011173184356,0.5968342644320298,0.6703910614525139,0.7029795158286778,0.770949720670391,0.7616387337057728,0.8379888268156425,0.5530327214684757,0.43202979515828677,0.49162011173184356,0.5968342644320298,0.6703910614525139,0.7029795158286778,0.770949720670391,0.7616387337057728,0.8379888268156425,0.5530327214684757,0.7029795158286778,179
bm25_only_jiwar,central_disorders_of_hypersomnolence,0.5508021390374331,0.5614973262032086,0.6711229946524064,0.6898395721925134,0.6871657754010695,0.7058823529411765,0.6871657754010695,0.7058823529411765,0.607397504456328,0.5508021390374331,0.5614973262032086,0.6711229946524064,0.6898395721925134,0.6871657754010695,0.7058823529411765,0.6871657754010695,0.7058823529411765,0.607397504456328,0.6737967914438503,187
bm25_only_jiwar,circadian_rhythm_sleep_wake_disorders,0.6,0.6166666666666667,0.8,0.8333333333333334,0.825,0.8583333333333333,0.825,0.8583333333333333,0.6993055555555556,0.6,0.6166666666666667,0.8,0.8333333333333334,0.825,0.8583333333333333,0.825,0.8583333333333333,0.6993055555555556,0.7958333333333333,120
bm25_only_jiwar,classification_coding,0.3,0.3,0.5,0.5,0.5,0.5,0.5,0.5,0.3833333333333333,0.3,0.3,0.5,0.5,0.5,0.5,0.5,0.5,0.3833333333333333,0.5,10
bm25_only_jiwar,insomnia_disorders,0.5245098039215687,0.5392156862745098,0.6176470588235294,0.6862745098039216,0.6372549019607843,0.7156862745098039,0.6372549019607843,0.7156862745098039,0.5795751633986929,0.5245098039215687,0.5392156862745098,0.6176470588235294,0.6862745098039216,0.6372549019607843,0.7156862745098039,0.6372549019607843,0.7156862745098039,0.5795751633986929,0.6127450980392157,102
bm25_only_jiwar,introduction,0.35,0.4,0.55,0.6,0.55,0.6,0.55,0.6,0.4833333333333333,0.35,0.4,0.55,0.6,0.55,0.6,0.55,0.6,0.4833333333333333,0.55,10
bm25_only_jiwar,other_sleep_disorders,0.8,0.9,0.95,1.0,0.95,1.0,0.95,1.0,0.8833333333333334,0.8,0.9,0.95,1.0,0.95,1.0,0.95,1.0,0.8833333333333334,0.95,10
bm25_only_jiwar,parasomnias,0.5642458100558659,0.6033519553072626,0.6787709497206704,0.7262569832402235,0.7039106145251397,0.7597765363128491,0.7039106145251397,0.7597765363128491,0.6254189944134079,0.5642458100558659,0.6033519553072626,0.6787709497206704,0.7262569832402235,0.7039106145251397,0.7597765363128491,0.7039106145251397,0.7597765363128491,0.6254189944134079,0.6843575418994413,179
bm25_only_jiwar,sleep_related_breathing_disorders,0.4320652173913043,0.46467391304347827,0.635351966873706,0.6956521739130435,0.6924171842650103,0.7445652173913043,0.6924171842650103,0.7445652173913043,0.5471014492753623,0.4320652173913043,0.46467391304347827,0.635351966873706,0.6956521739130435,0.6924171842650103,0.7445652173913043,0.6924171842650103,0.7445652173913043,0.5471014492753623,0.6648550724637681,368
bm25_only_jiwar,sleep_related_medical_neurological_disorders,0.76,0.82,0.84,0.86,0.86,0.88,0.86,0.88,0.8016666666666667,0.76,0.82,0.84,0.86,0.86,0.88,0.86,0.88,0.8016666666666667,0.84,50
bm25_only_jiwar,sleep_related_movement_disorders,0.46554934823091243,0.5083798882681564,0.6694599627560521,0.7318435754189944,0.7476722532588455,0.8100558659217877,0.7476722532588455,0.8100558659217877,0.5811918063314712,0.46554934823091243,0.5083798882681564,0.6694599627560521,0.7318435754189944,0.7476722532588455,0.8100558659217877,0.7476722532588455,0.8100558659217877,0.5811918063314712,0.7029795158286778,179
bm25_only_mq,central_disorders_of_hypersomnolence,0.4946524064171123,0.5561497326203209,0.6229946524064172,0.6684491978609626,0.6737967914438503,0.7058823529411765,0.732620320855615,0.7593582887700535,0.5792971734148205,0.4946524064171123,0.5561497326203209,0.6229946524064172,0.6684491978609626,0.6737967914438503,0.7058823529411765,0.732620320855615,0.7593582887700535,0.5792971734148205,0.6737967914438503,187
bm25_only_mq,circadian_rhythm_sleep_wake_disorders,0.5583333333333333,0.6166666666666667,0.7166666666666667,0.7833333333333333,0.7958333333333333,0.8583333333333333,0.85,0.9,0.6652976190476191,0.5583333333333333,0.6166666666666667,0.7166666666666667,0.7833333333333333,0.7958333333333333,0.8583333333333333,0.85,0.9,0.6652976190476191,0.7958333333333333,120
bm25_only_mq,classification_coding,0.3,0.3,0.4,0.4,0.5,0.5,0.6,0.6,0.39166666666666666,0.3,0.3,0.4,0.4,0.5,0.5,0.6,0.6,0.39166666666666666,0.5,10
bm25_only_mq,insomnia_disorders,0.4411764705882353,0.5294117647058824,0.5882352941176471,0.6274509803921569,0.6127450980392157,0.6862745098039216,0.6715686274509803,0.7450980392156863,0.5240429505135387,0.4411764705882353,0.5294117647058824,0.5882352941176471,0.6274509803921569,0.6127450980392157,0.6862745098039216,0.6715686274509803,0.7450980392156863,0.5240429505135387,0.6127450980392157,102
bm25_only_mq,introduction,0.35,0.4,0.35,0.4,0.55,0.6,0.6,0.6,0.45,0.35,0.4,0.35,0.4,0.55,0.6,0.6,0.6,0.45,0.55,10
bm25_only_mq,other_sleep_disorders,0.7,0.9,0.95,1.0,0.95,1.0,1.0,1.0,0.8166666666666667,0.7,0.9,0.95,1.0,0.95,1.0,1.0,1.0,0.8166666666666667,0.95,10
bm25_only_mq,parasomnias,0.505586592178771,0.5921787709497207,0.6480446927374302,0.7150837988826816,0.6843575418994413,0.7541899441340782,0.7262569832402235,0.7932960893854749,0.5864658153764299,0.505586592178771,0.5921787709497207,0.6480446927374302,0.7150837988826816,0.6843575418994413,0.7541899441340782,0.7262569832402235,0.7932960893854749,0.5864658153764299,0.6843575418994413,179
bm25_only_mq,sleep_related_breathing_disorders,0.3958333333333333,0.453804347826087,0.5634057971014493,0.625,0.6648550724637681,0.7255434782608695,0.7246376811594203,0.779891304347826,0.5158546842650104,0.3958333333333333,0.453804347826087,0.5634057971014493,0.625,0.6648550724637681,0.7255434782608695,0.7246376811594203,0.779891304347826,0.5158546842650104,0.6648550724637681,368
bm25_only_mq,sleep_related_medical_neurological_disorders,0.68,0.8,0.78,0.84,0.84,0.86,0.9,0.9,0.7516904761904761,0.68,0.8,0.78,0.84,0.84,0.86,0.9,0.9,0.7516904761904761,0.84,50
bm25_only_mq,sleep_related_movement_disorders,0.43202979515828677,0.49162011173184356,0.5968342644320298,0.6703910614525139,0.7029795158286778,0.770949720670391,0.7616387337057728,0.8379888268156425,0.5530327214684757,0.43202979515828677,0.49162011173184356,0.5968342644320298,0.6703910614525139,0.7029795158286778,0.770949720670391,0.7616387337057728,0.8379888268156425,0.5530327214684757,0.7029795158286778,179
bm25_rerank,central_disorders_of_hypersomnolence,0.45080213903743316,0.48128342245989303,0.5871657754010695,0.6417112299465241,0.667379679144385,0.7219251336898396,0.723529411764706,0.7807486631016043,0.5388591800356506,0.45080213903743316,0.48128342245989303,0.5871657754010695,0.6417112299465241,0.667379679144385,0.7219251336898396,0.723529411764706,0.7807486631016043,0.5388591800356506,0.667379679144385,187
bm25_rerank,circadian_rhythm_sleep_wake_disorders,0.45416666666666666,0.525,0.6416666666666667,0.7416666666666667,0.725,0.7916666666666666,0.8208333333333333,0.9083333333333333,0.5781746031746031,0.45416666666666666,0.525,0.6416666666666667,0.7416666666666667,0.725,0.7916666666666666,0.8208333333333333,0.9083333333333333,0.5781746031746031,0.725,120
bm25_rerank,classification_coding,0.3,0.4,0.4,0.5,0.5,0.5,0.6,0.6,0.37,0.3,0.4,0.4,0.5,0.5,0.5,0.6,0.6,0.37,0.5,10
bm25_rerank,insomnia_disorders,0.20588235294117646,0.29411764705882354,0.46078431372549017,0.5588235294117647,0.5931372549019608,0.6862745098039216,0.7401960784313726,0.8529411764705882,0.3668767507002801,0.20588235294117646,0.29411764705882354,0.46078431372549017,0.5588235294117647,0.5931372549019608,0.6862745098039216,0.7401960784313726,0.8529411764705882,0.3668767507002801,0.5931372549019608,102
bm25_rerank,introduction,0.05,0.1,0.1,0.2,0.1,0.2,0.15,0.2,0.13333333333333333,0.05,0.1,0.1,0.2,0.1,0.2,0.15,0.2,0.13333333333333333,0.1,10
bm25_rerank,other_sleep_disorders,0.3,0.7,0.4,0.8,0.85,0.9,1.0,1.0,0.4708333333333333,0.3,0.7,0.4,0.8,0.85,0.9,1.0,1.0,0.4708333333333333,0.85,10
bm25_rerank,parasomnias,0.40782122905027934,0.43575418994413406,0.5949720670391061,0.6536312849162011,0.659217877094972,0.7206703910614525,0.7486033519553073,0.7988826815642458,0.5221534982708167,0.40782122905027934,0.43575418994413406,0.5949720670391061,0.6536312849162011,0.659217877094972,0.7206703910614525,0.7486033519553073,0.7988826815642458,0.5221534982708167,0.659217877094972,179
bm25_rerank,sleep_related_breathing_disorders,0.452445652173913,0.5353260869565217,0.6154891304347826,0.7065217391304348,0.7115036231884058,0.8043478260869565,0.7427536231884058,0.842391304347826,0.568555900621118,0.452445652173913,0.5353260869565217,0.6154891304347826,0.7065217391304348,0.7115036231884058,0.8043478260869565,0.7427536231884058,0.842391304347826,0.568555900621118,0.7115036231884058,368
bm25_rerank,sleep_related_medical_neurological_disorders,0.38,0.46,0.54,0.7,0.64,0.74,0.82,0.84,0.4949285714285714,0.38,0.46,0.54,0.7,0.64,0.74,0.82,0.84,0.4949285714285714,0.64,50
bm25_rerank,sleep_related_movement_disorders,0.4068901303538175,0.46368715083798884,0.62756052141527,0.6983240223463687,0.7169459962756053,0.8044692737430168,0.797951582867784,0.8770949720670391,0.5467278531524341,0.4068901303538175,0.46368715083798884,0.62756052141527,0.6983240223463687,0.7169459962756053,0.8044692737430168,0.797951582867784,0.8770949720670391,0.5467278531524341,0.7169459962756053,179
dense_bm25_concat,central_disorders_of_hypersomnolence,0.4459893048128343,0.5187165775401069,0.6598930481283423,0.7379679144385026,0.7320855614973263,0.7914438502673797,0.7802139037433156,0.839572192513369,0.5689712248535778,0.4459893048128343,0.5187165775401069,0.6598930481283423,0.7379679144385026,0.7320855614973263,0.7914438502673797,0.7802139037433156,0.839572192513369,0.5689712248535778,0.7320855614973263,187
dense_bm25_concat,circadian_rhythm_sleep_wake_disorders,0.49583333333333335,0.6083333333333333,0.7833333333333333,0.8666666666666667,0.85,0.9083333333333333,0.8916666666666667,0.9583333333333334,0.6480059523809524,0.49583333333333335,0.6083333333333333,0.7833333333333333,0.8666666666666667,0.85,0.9083333333333333,0.8916666666666667,0.9583333333333334,0.6480059523809524,0.85,120
dense_bm25_concat,classification_coding,0.7,0.9,1.0,1.0,1.0,1.0,1.0,1.0,0.8333333333333334,0.7,0.9,1.0,1.0,1.0,1.0,1.0,1.0,0.8333333333333334,1.0,10
dense_bm25_concat,insomnia_disorders,0.3235294117647059,0.38235294117647056,0.5294117647058824,0.6078431372549019,0.6078431372549019,0.696078431372549,0.7254901960784313,0.8235294117647058,0.4564192343604108,0.3235294117647059,0.38235294117647056,0.5294117647058824,0.6078431372549019,0.6078431372549019,0.696078431372549,0.7254901960784313,0.8235294117647058,0.4564192343604108,0.6078431372549019,102
dense_bm25_concat,introduction,0.15,0.3,0.45,0.6,0.65,0.8,0.75,0.8,0.36666666666666664,0.15,0.3,0.45,0.6,0.65,0.8,0.75,0.8,0.36666666666666664,0.65,10
dense_bm25_concat,other_sleep_disorders,0.7,0.7,0.85,1.0,0.85,1.0,1.0,1.0,0.7958333333333333,0.7,0.7,0.85,1.0,0.85,1.0,1.0,1.0,0.7958333333333333,0.85,10
dense_bm25_concat,parasomnias,0.5195530726256983,0.5977653631284916,0.6983240223463687,0.7653631284916201,0.8305400372439478,0.8659217877094972,0.855679702048417,0.8994413407821229,0.6360002660281989,0.5195530726256983,0.5977653631284916,0.6983240223463687,0.7653631284916201,0.8305400372439478,0.8659217877094972,0.855679702048417,0.8994413407821229,0.6360002660281989,0.8305400372439478,179
dense_bm25_concat,sleep_related_breathing_disorders,0.4067028985507246,0.4891304347826087,0.6490036231884059,0.7309782608695652,0.7576992753623187,0.842391304347826,0.823822463768116,0.904891304347826,0.5668413561076605,0.4067028985507246,0.4891304347826087,0.6490036231884059,0.7309782608695652,0.7576992753623187,0.842391304347826,0.823822463768116,0.904891304347826,0.5668413561076605,0.7576992753623187,368
dense_bm25_concat,sleep_related_medical_neurological_disorders,0.66,0.72,0.88,0.92,0.92,0.98,0.92,0.98,0.7623333333333333,0.66,0.72,0.88,0.92,0.92,0.98,0.92,0.98,0.7623333333333333,0.92,50
dense_bm25_concat,sleep_related_movement_disorders,0.4515828677839851,0.5251396648044693,0.675046554934823,0.770949720670391,0.7672253258845438,0.8491620111731844,0.8286778398510243,0.9162011173184358,0.5951250332535248,0.4515828677839851,0.5251396648044693,0.675046554934823,0.770949720670391,0.7672253258845438,0.8491620111731844,0.8286778398510243,0.9162011173184358,0.5951250332535248,0.7672253258845438,179
dense_bm25_interleave,central_disorders_of_hypersomnolence,0.4459893048128343,0.5187165775401069,0.6919786096256685,0.7807486631016043,0.7935828877005348,0.8449197860962567,0.8310160427807487,0.8716577540106952,0.6017952635599695,0.4459893048128343,0.5187165775401069,0.6919786096256685,0.7807486631016043,0.7935828877005348,0.8449197860962567,0.8310160427807487,0.8716577540106952,0.6017952635599695,0.7935828877005348,187
dense_bm25_interleave,circadian_rhythm_sleep_wake_disorders,0.49583333333333335,0.6083333333333333,0.85,0.9083333333333333,0.9291666666666667,0.9666666666666667,0.9458333333333333,0.9916666666666667,0.6967460317460318,0.49583333333333335,0.6083333333333333,0.85,0.9083333333333333,0.9291666666666667,0.9666666666666667,0.9458333333333333,0.9916666666666667,0.6967460317460318,0.9291666666666667,120
dense_bm25_interleave,classification_coding,0.7,0.9,0.9,0.9,1.0,1.0,1.0,1.0,0.825,0.7,0.9,0.9,0.9,1.0,1.0,1.0,1.0,0.825,1.0,10
dense_bm25_interleave,insomnia_disorders,0.3235294117647059,0.38235294117647056,0.6176470588235294,0.7058823529411765,0.7058823529411765,0.7745098039215687,0.7303921568627451,0.8137254901960784,0.4850840336134454,0.3235294117647059,0.38235294117647056,0.6176470588235294,0.7058823529411765,0.7058823529411765,0.7745098039215687,0.7303921568627451,0.8137254901960784,0.4850840336134454,0.7058823529411765,102
dense_bm25_interleave,introduction,0.15,0.3,0.5,0.5,0.65,0.7,0.85,0.9,0.42095238095238097,0.15,0.3,0.5,0.5,0.65,0.7,0.85,0.9,0.42095238095238097,0.65,10
dense_bm25_interleave,other_sleep_disorders,0.7,0.7,0.9,1.0,0.95,1.0,0.95,1.0,0.7866666666666667,0.7,0.7,0.9,1.0,0.95,1.0,0.95,1.0,0.7866666666666667,0.95,10
dense_bm25_interleave,parasomnias,0.5195530726256983,0.5977653631284916,0.7430167597765364,0.8100558659217877,0.8044692737430168,0.8603351955307262,0.8687150837988827,0.9106145251396648,0.6504921521681298,0.5195530726256983,0.5977653631284916,0.7430167597765364,0.8100558659217877,0.8044692737430168,0.8603351955307262,0.8687150837988827,0.9106145251396648,0.6504921521681298,0.8044692737430168,179
dense_bm25_interleave,sleep_related_breathing_disorders,0.4067028985507246,0.4891304347826087,0.6979166666666666,0.7663043478260869,0.7807971014492753,0.845108695652174,0.8528079710144927,0.9157608695652174,0.5793834109730849,0.4067028985507246,0.4891304347826087,0.6979166666666666,0.7663043478260869,0.7807971014492753,0.845108695652174,0.8528079710144927,0.9157608695652174,0.5793834109730849,0.7807971014492753,368
dense_bm25_interleave,sleep_related_medical_neurological_disorders,0.66,0.72,0.9,0.9,0.98,0.98,0.98,0.98,0.7956666666666666,0.66,0.72,0.9,0.9,0.98,0.98,0.98,0.98,0.7956666666666666,0.98,50
dense_bm25_interleave,sleep_related_movement_disorders,0.4515828677839851,0.5251396648044693,0.7197392923649908,0.7988826815642458,0.8007448789571695,0.8603351955307262,0.8761638733705773,0.9329608938547486,0.6158885341846235,0.4515828677839851,0.5251396648044693,0.7197392923649908,0.7988826815642458,0.8007448789571695,0.8603351955307262,0.8761638733705773,0.9329608938547486,0.6158885341846235,0.8007448789571695,179
dense_only,central_disorders_of_hypersomnolence,0.4459893048128343,0.5187165775401069,0.6598930481283423,0.7379679144385026,0.7320855614973263,0.7914438502673797,0.7802139037433156,0.839572192513369,0.5689712248535778,0.4459893048128343,0.5187165775401069,0.6598930481283423,0.7379679144385026,0.7320855614973263,0.7914438502673797,0.7802139037433156,0.839572192513369,0.5689712248535778,0.7320855614973263,187
dense_only,circadian_rhythm_sleep_wake_disorders,0.49583333333333335,0.6083333333333333,0.7833333333333333,0.8666666666666667,0.85,0.9083333333333333,0.8916666666666667,0.9583333333333334,0.6480059523809524,0.49583333333333335,0.6083333333333333,0.7833333333333333,0.8666666666666667,0.85,0.9083333333333333,0.8916666666666667,0.9583333333333334,0.6480059523809524,0.85,120
dense_only,classification_coding,0.7,0.9,1.0,1.0,1.0,1.0,1.0,1.0,0.8333333333333334,0.7,0.9,1.0,1.0,1.0,1.0,1.0,1.0,0.8333333333333334,1.0,10
dense_only,insomnia_disorders,0.3235294117647059,0.38235294117647056,0.5294117647058824,0.6078431372549019,0.6078431372549019,0.696078431372549,0.7254901960784313,0.8235294117647058,0.4564192343604108,0.3235294117647059,0.38235294117647056,0.5294117647058824,0.6078431372549019,0.6078431372549019,0.696078431372549,0.7254901960784313,0.8235294117647058,0.4564192343604108,0.6078431372549019,102
dense_only,introduction,0.15,0.3,0.45,0.6,0.65,0.8,0.75,0.8,0.36666666666666664,0.15,0.3,0.45,0.6,0.65,0.8,0.75,0.8,0.36666666666666664,0.65,10
dense_only,other_sleep_disorders,0.7,0.7,0.85,1.0,0.85,1.0,1.0,1.0,0.7958333333333333,0.7,0.7,0.85,1.0,0.85,1.0,1.0,1.0,0.7958333333333333,0.85,10
dense_only,parasomnias,0.5195530726256983,0.5977653631284916,0.6983240223463687,0.7653631284916201,0.8305400372439478,0.8659217877094972,0.855679702048417,0.8994413407821229,0.6360002660281989,0.5195530726256983,0.5977653631284916,0.6983240223463687,0.7653631284916201,0.8305400372439478,0.8659217877094972,0.855679702048417,0.8994413407821229,0.6360002660281989,0.8305400372439478,179
dense_only,sleep_related_breathing_disorders,0.4067028985507246,0.4891304347826087,0.6490036231884059,0.7309782608695652,0.7576992753623187,0.842391304347826,0.823822463768116,0.904891304347826,0.5668413561076605,0.4067028985507246,0.4891304347826087,0.6490036231884059,0.7309782608695652,0.7576992753623187,0.842391304347826,0.823822463768116,0.904891304347826,0.5668413561076605,0.7576992753623187,368
dense_only,sleep_related_medical_neurological_disorders,0.66,0.72,0.88,0.92,0.92,0.98,0.92,0.98,0.7623333333333333,0.66,0.72,0.88,0.92,0.92,0.98,0.92,0.98,0.7623333333333333,0.92,50
dense_only,sleep_related_movement_disorders,0.4515828677839851,0.5251396648044693,0.675046554934823,0.770949720670391,0.7672253258845438,0.8491620111731844,0.8286778398510243,0.9162011173184358,0.5951250332535248,0.4515828677839851,0.5251396648044693,0.675046554934823,0.770949720670391,0.7672253258845438,0.8491620111731844,0.8286778398510243,0.9162011173184358,0.5951250332535248,0.7672253258845438,179
dense_only_jiwar,central_disorders_of_hypersomnolence,0.5187165775401069,0.5240641711229946,0.7406417112299465,0.7486631016042781,0.7727272727272727,0.7807486631016043,0.7780748663101604,0.786096256684492,0.6230837789661319,0.5187165775401069,0.5240641711229946,0.7406417112299465,0.7486631016042781,0.7727272727272727,0.7807486631016043,0.7780748663101604,0.786096256684492,0.6230837789661319,0.7320855614973263,187
dense_only_jiwar,circadian_rhythm_sleep_wake_disorders,0.5916666666666667,0.625,0.8416666666666667,0.8833333333333333,0.8833333333333333,0.925,0.8833333333333333,0.925,0.7169444444444444,0.5916666666666667,0.625,0.8416666666666667,0.8833333333333333,0.8833333333333333,0.925,0.8833333333333333,0.925,0.7169444444444444,0.85,120
dense_only_jiwar,classification_coding,0.9,0.9,1.0,1.0,1.0,1.0,1.0,1.0,0.9333333333333333,0.9,0.9,1.0,1.0,1.0,1.0,1.0,1.0,0.9333333333333333,1.0,10
dense_only_jiwar,insomnia_disorders,0.37254901960784315,0.39215686274509803,0.5784313725490197,0.6176470588235294,0.6372549019607843,0.6862745098039216,0.6568627450980392,0.7058823529411765,0.4862044817927171,0.37254901960784315,0.39215686274509803,0.5784313725490197,0.6176470588235294,0.6372549019607843,0.6862745098039216,0.6568627450980392,0.7058823529411765,0.4862044817927171,0.6078431372549019,102
dense_only_jiwar,introduction,0.25,0.3,0.75,0.8,0.75,0.8,0.75,0.8,0.4666666666666666,0.25,0.3,0.75,0.8,0.75,0.8,0.75,0.8,0.4666666666666666,0.65,10
dense_only_jiwar,other_sleep_disorders,0.7,0.7,0.85,1.0,0.85,1.0,0.85,1.0,0.7833333333333333,0.7,0.7,0.85,1.0,0.85,1.0,0.85,1.0,0.7833333333333333,0.85,10
dense_only_jiwar,parasomnias,0.5670391061452514,0.6033519553072626,0.7653631284916201,0.7877094972067039,0.8277467411545624,0.8491620111731844,0.8277467411545624,0.8547486033519553,0.674487895716946,0.5670391061452514,0.6033519553072626,0.7653631284916201,0.7877094972067039,0.8277467411545624,0.8491620111731844,0.8277467411545624,0.8547486033519553,0.674487895716946,0.8305400372439478,179
dense_only_jiwar,sleep_related_breathing_disorders,0.46240942028985504,0.49728260869565216,0.7210144927536232,0.7717391304347826,0.786231884057971,0.842391304347826,0.7930253623188406,0.845108695652174,0.6122282608695653,0.46240942028985504,0.49728260869565216,0.7210144927536232,0.7717391304347826,0.786231884057971,0.842391304347826,0.7930253623188406,0.845108695652174,0.6122282608695653,0.7576992753623187,368
dense_only_jiwar,sleep_related_medical_neurological_disorders,0.72,0.74,0.88,0.94,0.92,0.98,0.92,0.98,0.7966666666666667,0.72,0.74,0.88,0.94,0.92,0.98,0.92,0.98,0.7966666666666667,0.92,50
dense_only_jiwar,sleep_related_movement_disorders,0.5018621973929236,0.5642458100558659,0.7337057728119181,0.8100558659217877,0.7923649906890131,0.8603351955307262,0.7923649906890131,0.8603351955307262,0.6308193668528864,0.5018621973929236,0.5642458100558659,0.7337057728119181,0.8100558659217877,0.7923649906890131,0.8603351955307262,0.7923649906890131,0.8603351955307262,0.6308193668528864,0.7672253258845438,179
dense_only_mq,central_disorders_of_hypersomnolence,0.4459893048128343,0.5187165775401069,0.6598930481283423,0.7379679144385026,0.7320855614973263,0.7914438502673797,0.7802139037433156,0.839572192513369,0.5689712248535778,0.4459893048128343,0.5187165775401069,0.6598930481283423,0.7379679144385026,0.7320855614973263,0.7914438502673797,0.7802139037433156,0.839572192513369,0.5689712248535778,0.7320855614973263,187
dense_only_mq,circadian_rhythm_sleep_wake_disorders,0.49583333333333335,0.6083333333333333,0.7833333333333333,0.8666666666666667,0.85,0.9083333333333333,0.8916666666666667,0.9583333333333334,0.6480059523809524,0.49583333333333335,0.6083333333333333,0.7833333333333333,0.8666666666666667,0.85,0.9083333333333333,0.8916666666666667,0.9583333333333334,0.6480059523809524,0.85,120
dense_only_mq,classification_coding,0.7,0.9,1.0,1.0,1.0,1.0,1.0,1.0,0.8333333333333334,0.7,0.9,1.0,1.0,1.0,1.0,1.0,1.0,0.8333333333333334,1.0,10
dense_only_mq,insomnia_disorders,0.3235294117647059,0.38235294117647056,0.5294117647058824,0.6078431372549019,0.6078431372549019,0.696078431372549,0.7254901960784313,0.8235294117647058,0.4564192343604108,0.3235294117647059,0.38235294117647056,0.5294117647058824,0.6078431372549019,0.6078431372549019,0.696078431372549,0.7254901960784313,0.8235294117647058,0.4564192343604108,0.6078431372549019,102
dense_only_mq,introduction,0.15,0.3,0.45,0.6,0.65,0.8,0.75,0.8,0.36666666666666664,0.15,0.3,0.45,0.6,0.65,0.8,0.75,0.8,0.36666666666666664,0.65,10
dense_only_mq,other_sleep_disorders,0.7,0.7,0.85,1.0,0.85,1.0,1.0,1.0,0.7958333333333333,0.7,0.7,0.85,1.0,0.85,1.0,1.0,1.0,0.7958333333333333,0.85,10
dense_only_mq,parasomnias,0.5195530726256983,0.5977653631284916,0.6983240223463687,0.7653631284916201,0.8305400372439478,0.8659217877094972,0.855679702048417,0.8994413407821229,0.6360002660281989,0.5195530726256983,0.5977653631284916,0.6983240223463687,0.7653631284916201,0.8305400372439478,0.8659217877094972,0.855679702048417,0.8994413407821229,0.6360002660281989,0.8305400372439478,179
dense_only_mq,sleep_related_breathing_disorders,0.4067028985507246,0.4891304347826087,0.6490036231884059,0.7309782608695652,0.7576992753623187,0.842391304347826,0.823822463768116,0.904891304347826,0.5668413561076605,0.4067028985507246,0.4891304347826087,0.6490036231884059,0.7309782608695652,0.7576992753623187,0.842391304347826,0.823822463768116,0.904891304347826,0.5668413561076605,0.7576992753623187,368
dense_only_mq,sleep_related_medical_neurological_disorders,0.66,0.72,0.88,0.92,0.92,0.98,0.92,0.98,0.7623333333333333,0.66,0.72,0.88,0.92,0.92,0.98,0.92,0.98,0.7623333333333333,0.92,50
dense_only_mq,sleep_related_movement_disorders,0.4515828677839851,0.5251396648044693,0.675046554934823,0.770949720670391,0.7672253258845438,0.8491620111731844,0.8286778398510243,0.9162011173184358,0.5951250332535248,0.4515828677839851,0.5251396648044693,0.675046554934823,0.770949720670391,0.7672253258845438,0.8491620111731844,0.8286778398510243,0.9162011173184358,0.5951250332535248,0.7672253258845438,179
dense_raw,central_disorders_of_hypersomnolence,0.49946524064171127,0.5882352941176471,0.6919786096256685,0.7754010695187166,0.7401069518716578,0.8128342245989305,0.7828877005347594,0.839572192513369,0.6159791189202954,0.49946524064171127,0.5882352941176471,0.6919786096256685,0.7754010695187166,0.7401069518716578,0.8128342245989305,0.7828877005347594,0.839572192513369,0.6159791189202954,0.7401069518716578,187
dense_raw,circadian_rhythm_sleep_wake_disorders,0.5708333333333333,0.6833333333333333,0.8416666666666667,0.925,0.8708333333333333,0.9416666666666667,0.9208333333333333,0.975,0.7087599206349205,0.5708333333333333,0.6833333333333333,0.8416666666666667,0.925,0.8708333333333333,0.9416666666666667,0.9208333333333333,0.975,0.7087599206349205,0.8708333333333333,120
dense_raw,classification_coding,0.7,0.9,1.0,1.0,1.0,1.0,1.0,1.0,0.8333333333333334,0.7,0.9,1.0,1.0,1.0,1.0,1.0,1.0,0.8333333333333334,1.0,10
dense_raw,insomnia_disorders,0.4411764705882353,0.49019607843137253,0.5980392156862745,0.7058823529411765,0.7352941176470589,0.8235294117647058,0.8088235294117647,0.8921568627450981,0.5588352007469655,0.4411764705882353,0.49019607843137253,0.5980392156862745,0.7058823529411765,0.7352941176470589,0.8235294117647058,0.8088235294117647,0.8921568627450981,0.5588352007469655,0.7352941176470589,102
dense_raw,introduction,0.3,0.5,0.65,0.7,0.75,0.8,0.85,0.9,0.5541666666666666,0.3,0.5,0.65,0.7,0.75,0.8,0.85,0.9,0.5541666666666666,0.75,10
dense_raw,other_sleep_disorders,0.75,0.9,0.8,0.9,1.0,1.0,1.0,1.0,0.85,0.75,0.9,0.8,0.9,1.0,1.0,1.0,1.0,0.85,1.0,10
dense_raw,parasomnias,0.5679702048417132,0.6480446927374302,0.8026070763500931,0.8491620111731844,0.8621973929236499,0.9050279329608939,0.9013035381750466,0.9385474860335196,0.6977387603085927,0.5679702048417132,0.6480446927374302,0.8026070763500931,0.8491620111731844,0.8621973929236499,0.9050279329608939,0.9013035381750466,0.9385474860335196,0.6977387603085927,0.8621973929236499,179
dense_raw,sleep_related_breathing_disorders,0.44610507246376807,0.5353260869565217,0.7047101449275361,0.7853260869565217,0.8093297101449275,0.8940217391304348,0.8582427536231884,0.9320652173913043,0.6092908902691512,0.44610507246376807,0.5353260869565217,0.7047101449275361,0.7853260869565217,0.8093297101449275,0.8940217391304348,0.8582427536231884,0.9320652173913043,0.6092908902691512,0.8093297101449275,368
dense_raw,sleep_related_medical_neurological_disorders,0.72,0.8,0.88,0.96,0.92,0.98,0.98,1.0,0.81,0.72,0.8,0.88,0.96,0.92,0.98,0.98,1.0,0.81,0.92,50
dense_raw,sleep_related_movement_disorders,0.521415270018622,0.6145251396648045,0.7197392923649908,0.8100558659217877,0.8063314711359405,0.8938547486033519,0.8621973929236499,0.9329608938547486,0.657415536046821,0.521415270018622,0.6145251396648045,0.7197392923649908,0.8100558659217877,0.8063314711359405,0.8938547486033519,0.8621973929236499,0.9329608938547486,0.657415536046821,0.8063314711359405,179
dense_rerank,central_disorders_of_hypersomnolence,0.38128342245989305,0.40106951871657753,0.5310160427807487,0.5721925133689839,0.6433155080213904,0.6844919786096256,0.7240641711229947,0.786096256684492,0.48800611153552326,0.38128342245989305,0.40106951871657753,0.5310160427807487,0.5721925133689839,0.6433155080213904,0.6844919786096256,0.7240641711229947,0.786096256684492,0.48800611153552326,0.6433155080213904,187
dense_rerank,circadian_rhythm_sleep_wake_disorders,0.42916666666666664,0.48333333333333334,0.5,0.6,0.625,0.7166666666666667,0.725,0.8333333333333334,0.5089384920634921,0.42916666666666664,0.48333333333333334,0.5,0.6,0.625,0.7166666666666667,0.725,0.8333333333333334,0.5089384920634921,0.625,120
dense_rerank,classification_coding,0.3,0.4,0.4,0.5,0.4,0.5,0.5,0.5,0.35,0.3,0.4,0.4,0.5,0.4,0.5,0.5,0.5,0.35,0.4,10
dense_rerank,insomnia_disorders,0.17647058823529413,0.24509803921568626,0.30392156862745096,0.37254901960784315,0.3627450980392157,0.43137254901960786,0.47058823529411764,0.5686274509803921,0.2659080298786181,0.17647058823529413,0.24509803921568626,0.30392156862745096,0.37254901960784315,0.3627450980392157,0.43137254901960786,0.47058823529411764,0.5686274509803921,0.2659080298786181,0.3627450980392157,102
dense_rerank,introduction,0.15,0.2,0.15,0.2,0.2,0.3,0.2,0.3,0.22000000000000003,0.15,0.2,0.15,0.2,0.2,0.3,0.2,0.3,0.22000000000000003,0.2,10
dense_rerank,other_sleep_disorders,0.1,0.4,0.3,0.8,0.55,0.8,0.9,0.9,0.2842857142857143,0.1,0.4,0.3,0.8,0.55,0.8,0.9,0.9,0.2842857142857143,0.55,10
dense_rerank,parasomnias,0.3994413407821229,0.4245810055865922,0.5400372439478585,0.6089385474860335,0.6573556797020484,0.7206703910614525,0.7523277467411545,0.8100558659217877,0.5017690875232774,0.3994413407821229,0.4245810055865922,0.5400372439478585,0.6089385474860335,0.6573556797020484,0.7206703910614525,0.7523277467411545,0.8100558659217877,0.5017690875232774,0.6573556797020484,179
dense_rerank,sleep_related_breathing_disorders,0.4320652173913043,0.5217391304347826,0.6154891304347826,0.7119565217391305,0.6834239130434783,0.779891304347826,0.7667572463768116,0.8586956521739131,0.5592520703933748,0.4320652173913043,0.5217391304347826,0.6154891304347826,0.7119565217391305,0.6834239130434783,0.779891304347826,0.7667572463768116,0.8586956521739131,0.5592520703933748,0.6834239130434783,368
dense_rerank,sleep_related_medical_neurological_disorders,0.28,0.36,0.44,0.5,0.46,0.58,0.64,0.72,0.38107142857142856,0.28,0.36,0.44,0.5,0.46,0.58,0.64,0.72,0.38107142857142856,0.46,50
dense_rerank,sleep_related_movement_disorders,0.3538175046554935,0.4022346368715084,0.5577281191806331,0.6145251396648045,0.6443202979515829,0.7206703910614525,0.7644320297951583,0.8491620111731844,0.4903365256717212,0.3538175046554935,0.4022346368715084,0.5577281191806331,0.6145251396648045,0.6443202979515829,0.7206703910614525,0.7644320297951583,0.8491620111731844,0.4903365256717212,0.6443202979515829,179
hybrid_rrf,central_disorders_of_hypersomnolence,0.5374331550802139,0.5935828877005348,0.7112299465240641,0.7486631016042781,0.7540106951871658,0.7967914438502673,0.8320855614973262,0.8609625668449198,0.6414629488158899,0.5374331550802139,0.5935828877005348,0.7112299465240641,0.7486631016042781,0.7540106951871658,0.7967914438502673,0.8320855614973262,0.8609625668449198,0.6414629488158899,0.7540106951871658,187
hybrid_rrf,circadian_rhythm_sleep_wake_disorders,0.6625,0.7416666666666667,0.8333333333333334,0.8916666666666667,0.8583333333333333,0.9166666666666666,0.8958333333333334,0.95,0.7642361111111111,0.6625,0.7416666666666667,0.8333333333333334,0.8916666666666667,0.8583333333333333,0.9166666666666666,0.8958333333333334,0.95,0.7642361111111111,0.8583333333333333,120
hybrid_rrf,classification_coding,0.4,0.5,0.7,0.7,0.8,0.8,0.9,0.9,0.575,0.4,0.5,0.7,0.7,0.8,0.8,0.9,0.9,0.575,0.8,10
hybrid_rrf,insomnia_disorders,0.5098039215686274,0.5980392156862745,0.7058823529411765,0.7843137254901961,0.7843137254901961,0.8627450980392157,0.8333333333333334,0.9117647058823529,0.6249299719887955,0.5098039215686274,0.5980392156862745,0.7058823529411765,0.7843137254901961,0.7843137254901961,0.8627450980392157,0.8333333333333334,0.9117647058823529,0.6249299719887955,0.7843137254901961,102
hybrid_rrf,introduction,0.25,0.4,0.6,0.6,0.6,0.6,0.75,0.8,0.4791666666666667,0.25,0.4,0.6,0.6,0.6,0.6,0.75,0.8,0.4791666666666667,0.6,10
hybrid_rrf,other_sleep_disorders,0.7,0.9,0.95,1.0,1.0,1.0,1.0,1.0,0.8166666666666667,0.7,0.9,0.95,1.0,1.0,1.0,1.0,1.0,0.8166666666666667,1.0,10
hybrid_rrf,parasomnias,0.5810055865921788,0.6368715083798883,0.7430167597765364,0.7877094972067039,0.7821229050279329,0.8435754189944135,0.8100558659217877,0.8659217877094972,0.6732907688214951,0.5810055865921788,0.6368715083798883,0.7430167597765364,0.7877094972067039,0.7821229050279329,0.8435754189944135,0.8100558659217877,0.8659217877094972,0.6732907688214951,0.7821229050279329,179
hybrid_rrf,sleep_related_breathing_disorders,0.49139492753623193,0.5788043478260869,0.7019927536231884,0.7554347826086957,0.7889492753623187,0.8559782608695652,0.8342391304347826,0.8885869565217391,0.6299915890269151,0.49139492753623193,0.5788043478260869,0.7019927536231884,0.7554347826086957,0.7889492753623187,0.8559782608695652,0.8342391304347826,0.8885869565217391,0.6299915890269151,0.7889492753623187,368
hybrid_rrf,sleep_related_medical_neurological_disorders,0.72,0.82,0.9,0.94,0.92,0.94,0.92,0.96,0.805,0.72,0.82,0.9,0.94,0.92,0.94,0.92,0.96,0.805,0.92,50
hybrid_rrf,sleep_related_movement_disorders,0.5270018621973929,0.5977653631284916,0.7225325884543762,0.8100558659217877,0.7756052141527002,0.8491620111731844,0.8342644320297952,0.9162011173184358,0.6467677573822825,0.5270018621973929,0.5977653631284916,0.7225325884543762,0.8100558659217877,0.7756052141527002,0.8491620111731844,0.8342644320297952,0.9162011173184358,0.6467677573822825,0.7756052141527002,179
hybrid_rrf_jiwar,central_disorders_of_hypersomnolence,0.5909090909090909,0.5989304812834224,0.7352941176470589,0.7540106951871658,0.7887700534759359,0.8181818181818182,0.7887700534759359,0.8181818181818182,0.6685383244206774,0.5909090909090909,0.5989304812834224,0.7352941176470589,0.7540106951871658,0.7887700534759359,0.8181818181818182,0.7887700534759359,0.8181818181818182,0.6685383244206774,0.7540106951871658,187
hybrid_rrf_jiwar,circadian_rhythm_sleep_wake_disorders,0.7333333333333333,0.75,0.8666666666666667,0.9166666666666666,0.8916666666666667,0.9333333333333333,0.8916666666666667,0.9333333333333333,0.81,0.7333333333333333,0.75,0.8666666666666667,0.9166666666666666,0.8916666666666667,0.9333333333333333,0.8916666666666667,0.9333333333333333,0.81,0.8583333333333333,120
hybrid_rrf_jiwar,classification_coding,0.5,0.5,0.7,0.7,0.8,0.8,0.8,0.8,0.625,0.5,0.5,0.7,0.7,0.8,0.8,0.8,0.8,0.625,0.8,10
hybrid_rrf_jiwar,insomnia_disorders,0.6029411764705882,0.6176470588235294,0.7598039215686274,0.803921568627451,0.7990196078431373,0.8529411764705882,0.7990196078431373,0.8529411764705882,0.6887254901960784,0.6029411764705882,0.6176470588235294,0.7598039215686274,0.803921568627451,0.7990196078431373,0.8529411764705882,0.7990196078431373,0.8529411764705882,0.6887254901960784,0.7843137254901961,102
hybrid_rrf_jiwar,introduction,0.35,0.4,0.6,0.6,0.65,0.7,0.65,0.7,0.52,0.35,0.4,0.6,0.6,0.65,0.7,0.65,0.7,0.52,0.6,10
hybrid_rrf_jiwar,other_sleep_disorders,0.7,0.9,1.0,1.0,1.0,1.0,1.0,1.0,0.85,0.7,0.9,1.0,1.0,1.0,1.0,1.0,1.0,0.85,1.0,10
hybrid_rrf_jiwar,parasomnias,0.61731843575419,0.6480446927374302,0.7653631284916201,0.8100558659217877,0.7932960893854749,0.8435754189944135,0.7932960893854749,0.8435754189944135,0.6941340782122905,0.61731843575419,0.6480446927374302,0.7653631284916201,0.8100558659217877,0.7932960893854749,0.8435754189944135,0.7932960893854749,0.8435754189944135,0.6941340782122905,0.7821229050279329,179
hybrid_rrf_jiwar,sleep_related_breathing_disorders,0.5624353002070394,0.6114130434782609,0.7675983436853002,0.8206521739130435,0.7947722567287785,0.8559782608695652,0.8002070393374742,0.8614130434782609,0.6759510869565217,0.5624353002070394,0.6114130434782609,0.7675983436853002,0.8206521739130435,0.7947722567287785,0.8559782608695652,0.8002070393374742,0.8614130434782609,0.6759510869565217,0.7889492753623187,368
hybrid_rrf_jiwar,sleep_related_medical_neurological_disorders,0.78,0.84,0.94,0.96,0.94,0.96,0.94,0.96,0.8566666666666667,0.78,0.84,0.94,0.96,0.94,0.96,0.94,0.96,0.8566666666666667,0.92,50
hybrid_rrf_jiwar,sleep_related_movement_disorders,0.5661080074487895,0.6312849162011173,0.7728119180633147,0.8435754189944135,0.7923649906890131,0.8547486033519553,0.8091247672253259,0.8715083798882681,0.6773743016759777,0.5661080074487895,0.6312849162011173,0.7728119180633147,0.8435754189944135,0.7923649906890131,0.8547486033519553,0.8091247672253259,0.8715083798882681,0.6773743016759777,0.7756052141527002,179
hybrid_rrf_mq,central_disorders_of_hypersomnolence,0.4090909090909091,0.4919786096256685,0.5935828877005348,0.6684491978609626,0.6550802139037433,0.7219251336898396,0.7636363636363637,0.8235294117647058,0.5266997708174179,0.4090909090909091,0.4919786096256685,0.5935828877005348,0.6684491978609626,0.6550802139037433,0.7219251336898396,0.7636363636363637,0.8235294117647058,0.5266997708174179,0.6550802139037433,187
hybrid_rrf_mq,circadian_rhythm_sleep_wake_disorders,0.4625,0.5916666666666667,0.6708333333333333,0.7916666666666666,0.7541666666666667,0.8666666666666667,0.8125,0.9,0.5861309523809524,0.4625,0.5916666666666667,0.6708333333333333,0.7916666666666666,0.7541666666666667,0.8666666666666667,0.8125,0.9,0.5861309523809524,0.7541666666666667,120
hybrid_rrf_mq,classification_coding,0.3,0.3,1.0,1.0,1.0,1.0,1.0,1.0,0.65,0.3,0.3,1.0,1.0,1.0,1.0,1.0,1.0,0.65,1.0,10
hybrid_rrf_mq,insomnia_disorders,0.2549019607843137,0.3627450980392157,0.4803921568627451,0.6078431372549019,0.5980392156862745,0.7549019607843137,0.7254901960784313,0.8431372549019608,0.3983426704014939,0.2549019607843137,0.3627450980392157,0.4803921568627451,0.6078431372549019,0.5980392156862745,0.7549019607843137,0.7254901960784313,0.8431372549019608,0.3983426704014939,0.5980392156862745,102
hybrid_rrf_mq,introduction,0.2,0.4,0.4,0.6,0.5,0.6,0.65,0.7,0.4208333333333333,0.2,0.4,0.4,0.6,0.5,0.6,0.65,0.7,0.4208333333333333,0.5,10
hybrid_rrf_mq,other_sleep_disorders,0.4,0.6,0.65,0.8,0.8,0.8,0.9,0.9,0.5866666666666667,0.4,0.6,0.65,0.8,0.8,0.8,0.9,0.9,0.5866666666666667,0.8,10
hybrid_rrf_mq,parasomnias,0.4106145251396648,0.4860335195530726,0.6033519553072626,0.659217877094972,0.6703910614525139,0.7374301675977654,0.7774674115456238,0.8324022346368715,0.5245078478318702,0.4106145251396648,0.4860335195530726,0.6033519553072626,0.659217877094972,0.6703910614525139,0.7374301675977654,0.7774674115456238,0.8324022346368715,0.5245078478318702,0.6703910614525139,179
hybrid_rrf_mq,sleep_related_breathing_disorders,0.33559782608695654,0.4375,0.5847826086956521,0.6847826086956522,0.6970108695652174,0.782608695652174,0.7767210144927535,0.8695652173913043,0.49534161490683226,0.33559782608695654,0.4375,0.5847826086956521,0.6847826086956522,0.6970108695652174,0.782608695652174,0.7767210144927535,0.8695652173913043,0.49534161490683226,0.6970108695652174,368
hybrid_rrf_mq,sleep_related_medical_neurological_disorders,0.62,0.74,0.82,0.84,0.82,0.86,0.9,0.96,0.7216666666666667,0.62,0.74,0.82,0.84,0.82,0.86,0.9,0.96,0.7216666666666667,0.82,50
hybrid_rrf_mq,sleep_related_movement_disorders,0.4152700186219739,0.5251396648044693,0.568901303538175,0.7150837988826816,0.6666666666666666,0.7877094972067039,0.7644320297951583,0.8659217877094972,0.5352354349561053,0.4152700186219739,0.5251396648044693,0.568901303538175,0.7150837988826816,0.6666666666666666,0.7877094972067039,0.7644320297951583,0.8659217877094972,0.5352354349561053,0.6666666666666666,179
hybrid_rrf_no_terms,central_disorders_of_hypersomnolence,0.5374331550802139,0.5989304812834224,0.7219251336898396,0.7593582887700535,0.7593582887700535,0.8074866310160428,0.8320855614973262,0.8716577540106952,0.6439584924879043,0.5374331550802139,0.5989304812834224,0.7219251336898396,0.7593582887700535,0.7593582887700535,0.8074866310160428,0.8320855614973262,0.8716577540106952,0.6439584924879043,0.7593582887700535,187
hybrid_rrf_no_terms,circadian_rhythm_sleep_wake_disorders,0.6708333333333333,0.7416666666666667,0.8333333333333334,0.8916666666666667,0.8583333333333333,0.9166666666666666,0.8958333333333334,0.95,0.7711805555555556,0.6708333333333333,0.7416666666666667,0.8333333333333334,0.8916666666666667,0.8583333333333333,0.9166666666666666,0.8958333333333334,0.95,0.7711805555555556,0.8583333333333333,120
hybrid_rrf_no_terms,classification_coding,0.3,0.4,0.7,0.7,0.8,0.8,0.9,0.9,0.525,0.3,0.4,0.7,0.7,0.8,0.8,0.9,0.9,0.525,0.8,10
hybrid_rrf_no_terms,insomnia_disorders,0.5392156862745098,0.6176470588235294,0.7107843137254902,0.7450980392156863,0.7696078431372549,0.803921568627451,0.8480392156862745,0.8725490196078431,0.6386904761904763,0.5392156862745098,0.6176470588235294,0.7107843137254902,0.7450980392156863,0.7696078431372549,0.803921568627451,0.8480392156862745,0.8725490196078431,0.6386904761904763,0.7696078431372549,102
hybrid_rrf_no_terms,introduction,0.25,0.4,0.6,0.6,0.6,0.6,0.85,0.9,0.4934523809523809,0.25,0.4,0.6,0.6,0.6,0.6,0.85,0.9,0.4934523809523809,0.6,10
hybrid_rrf_no_terms,other_sleep_disorders,0.75,0.9,0.95,1.0,1.0,1.0,1.0,1.0,0.8666666666666666,0.75,0.9,0.95,1.0,1.0,1.0,1.0,1.0,0.8666666666666666,1.0,10
hybrid_rrf_no_terms,parasomnias,0.5865921787709497,0.6424581005586593,0.7513966480446927,0.7932960893854749,0.7905027932960894,0.8491620111731844,0.8240223463687151,0.8770949720670391,0.6827015163607342,0.5865921787709497,0.6424581005586593,0.7513966480446927,0.7932960893854749,0.7905027932960894,0.8491620111731844,0.8240223463687151,0.8770949720670391,0.6827015163607342,0.7905027932960894,179
hybrid_rrf_no_terms,sleep_related_breathing_disorders,0.4941123188405797,0.5815217391304348,0.7047101449275361,0.7608695652173914,0.7889492753623187,0.8586956521739131,0.8342391304347826,0.8913043478260869,0.6329386645962733,0.4941123188405797,0.5815217391304348,0.7047101449275361,0.7608695652173914,0.7889492753623187,0.8586956521739131,0.8342391304347826,0.8913043478260869,0.6329386645962733,0.7889492753623187,368
hybrid_rrf_no_terms,sleep_related_medical_neurological_disorders,0.74,0.82,0.9,0.96,0.92,0.96,0.92,0.96,0.8183333333333332,0.74,0.82,0.9,0.96,0.92,0.96,0.92,0.96,0.8183333333333332,0.92,50
hybrid_rrf_no_terms,sleep_related_movement_disorders,0.521415270018622,0.5921787709497207,0.7253258845437617,0.8156424581005587,0.7867783985102421,0.8659217877094972,0.8482309124767226,0.9273743016759777,0.6481644054269753,0.521415270018622,0.5921787709497207,0.7253258845437617,0.8156424581005587,0.7867783985102421,0.8659217877094972,0.8482309124767226,0.9273743016759777,0.6481644054269753,0.7867783985102421,179
hybrid_rrf_rerank,central_disorders_of_hypersomnolence,0.39197860962566844,0.41711229946524064,0.5470588235294117,0.5775401069518716,0.6379679144385026,0.679144385026738,0.7080213903743315,0.7647058823529411,0.4969951617010441,0.39197860962566844,0.41711229946524064,0.5470588235294117,0.5775401069518716,0.6379679144385026,0.679144385026738,0.7080213903743315,0.7647058823529411,0.4969951617010441,0.6379679144385026,187
hybrid_rrf_rerank,circadian_rhythm_sleep_wake_disorders,0.4041666666666667,0.4666666666666667,0.5416666666666666,0.6416666666666667,0.65,0.7333333333333333,0.7875,0.9,0.5151785714285714,0.4041666666666667,0.4666666666666667,0.5416666666666666,0.6416666666666667,0.65,0.7333333333333333,0.7875,0.9,0.5151785714285714,0.65,120
hybrid_rrf_rerank,classification_coding,0.3,0.4,0.4,0.5,0.4,0.5,0.6,0.6,0.36428571428571427,0.3,0.4,0.4,0.5,0.4,0.5,0.6,0.6,0.36428571428571427,0.4,10
hybrid_rrf_rerank,insomnia_disorders,0.17647058823529413,0.24509803921568626,0.3333333333333333,0.4117647058823529,0.4019607843137255,0.47058823529411764,0.49019607843137253,0.5980392156862745,0.27579365079365076,0.17647058823529413,0.24509803921568626,0.3333333333333333,0.4117647058823529,0.4019607843137255,0.47058823529411764,0.49019607843137253,0.5980392156862745,0.27579365079365076,0.4019607843137255,102
hybrid_rrf_rerank,introduction,0.15,0.2,0.15,0.2,0.2,0.3,0.2,0.3,0.22000000000000003,0.15,0.2,0.15,0.2,0.2,0.3,0.2,0.3,0.22000000000000003,0.2,10
hybrid_rrf_rerank,other_sleep_disorders,0.2,0.5,0.3,0.8,0.55,0.8,0.9,0.9,0.3485714285714286,0.2,0.5,0.3,0.8,0.55,0.8,0.9,0.9,0.3485714285714286,0.55,10
hybrid_rrf_rerank,parasomnias,0.40502793296089384,0.43575418994413406,0.5623836126629423,0.6256983240223464,0.6824953445065177,0.7541899441340782,0.7858472998137802,0.8435754189944135,0.516048151104017,0.40502793296089384,0.43575418994413406,0.5623836126629423,0.6256983240223464,0.6824953445065177,0.7541899441340782,0.7858472998137802,0.8435754189944135,0.516048151104017,0.6824953445065177,179
hybrid_rrf_rerank,sleep_related_breathing_disorders,0.4361413043478261,0.5244565217391305,0.6222826086956522,0.7119565217391305,0.7047101449275361,0.8043478260869565,0.7884963768115942,0.875,0.5689182194616977,0.4361413043478261,0.5244565217391305,0.6222826086956522,0.7119565217391305,0.7047101449275361,0.8043478260869565,0.7884963768115942,0.875,0.5689182194616977,0.7047101449275361,368
hybrid_rrf_rerank,sleep_related_medical_neurological_disorders,0.26,0.32,0.48,0.56,0.54,0.64,0.66,0.74,0.38704761904761903,0.26,0.32,0.48,0.56,0.54,0.64,0.66,0.74,0.38704761904761903,0.54,50
hybrid_rrf_rerank,sleep_related_movement_disorders,0.37057728119180633,0.41899441340782123,0.5912476722532588,0.6480446927374302,0.6722532588454376,0.7486033519553073,0.7811918063314712,0.8770949720670391,0.5135142325086459,0.37057728119180633,0.41899441340782123,0.5912476722532588,0.6480446927374302,0.6722532588454376,0.7486033519553073,0.7811918063314712,0.8770949720670391,0.5135142325086459,0.6722532588454376,179
hybrid_rrf_rerank_jiwar,central_disorders_of_hypersomnolence,0.41711229946524064,0.42780748663101603,0.5721925133689839,0.5989304812834224,0.6363636363636364,0.6631016042780749,0.6417112299465241,0.6737967914438503,0.5029029793735676,0.41711229946524064,0.42780748663101603,0.5721925133689839,0.5989304812834224,0.6363636363636364,0.6631016042780749,0.6417112299465241,0.6737967914438503,0.5029029793735676,0.6379679144385026,187
hybrid_rrf_rerank_jiwar,circadian_rhythm_sleep_wake_disorders,0.45,0.4666666666666667,0.5916666666666667,0.6416666666666667,0.6916666666666667,0.7416666666666667,0.7,0.75,0.5426388888888888,0.45,0.4666666666666667,0.5916666666666667,0.6416666666666667,0.6916666666666667,0.7416666666666667,0.7,0.75,0.5426388888888888,0.65,120
hybrid_rrf_rerank_jiwar,classification_coding,0.4,0.4,0.5,0.5,0.5,0.5,0.5,0.5,0.4333333333333333,0.4,0.4,0.5,0.5,0.5,0.5,0.5,0.5,0.4333333333333333,0.4,10
hybrid_rrf_rerank_jiwar,insomnia_disorders,0.23529411764705882,0.27450980392156865,0.39215686274509803,0.4411764705882353,0.4215686274509804,0.47058823529411764,0.4215686274509804,0.47058823529411764,0.31405228758169934,0.23529411764705882,0.27450980392156865,0.39215686274509803,0.4411764705882353,0.4215686274509804,0.47058823529411764,0.4215686274509804,0.47058823529411764,0.31405228758169934,0.4019607843137255,102
hybrid_rrf_rerank_jiwar,introduction,0.15,0.2,0.15,0.3,0.2,0.4,0.2,0.4,0.22000000000000003,0.15,0.2,0.15,0.3,0.2,0.4,0.2,0.4,0.22000000000000003,0.2,10
hybrid_rrf_rerank_jiwar,other_sleep_disorders,0.2,0.5,0.45,0.8,0.45,0.8,0.55,0.8,0.3142857142857143,0.2,0.5,0.45,0.8,0.45,0.8,0.55,0.8,0.3142857142857143,0.55,10
hybrid_rrf_rerank_jiwar,parasomnias,0.41899441340782123,0.44692737430167595,0.5856610800744879,0.6312849162011173,0.6778398510242085,0.7150837988826816,0.7001862197392923,0.7318435754189944,0.5224926842245278,0.41899441340782123,0.44692737430167595,0.5856610800744879,0.6312849162011173,0.6778398510242085,0.7150837988826816,0.7001862197392923,0.7318435754189944,0.5224926842245278,0.6824953445065177,179
hybrid_rrf_rerank_jiwar,sleep_related_breathing_disorders,0.49682971014492755,0.532608695652174,0.676177536231884,0.7445652173913043,0.707427536231884,0.782608695652174,0.7196557971014492,0.7880434782608695,0.5974896480331263,0.49682971014492755,0.532608695652174,0.676177536231884,0.7445652173913043,0.707427536231884,0.782608695652174,0.7196557971014492,0.7880434782608695,0.5974896480331263,0.7047101449275361,368
hybrid_rrf_rerank_jiwar,sleep_related_medical_neurological_disorders,0.3,0.32,0.52,0.56,0.56,0.64,0.58,0.66,0.41233333333333333,0.3,0.32,0.52,0.56,0.56,0.64,0.58,0.66,0.41233333333333333,0.54,50
hybrid_rrf_rerank_jiwar,sleep_related_movement_disorders,0.38733705772811916,0.43575418994413406,0.6163873370577281,0.6759776536312849,0.6722532588454376,0.7374301675977654,0.6834264432029795,0.7541899441340782,0.5092178770949721,0.38733705772811916,0.43575418994413406,0.6163873370577281,0.6759776536312849,0.6722532588454376,0.7374301675977654,0.6834264432029795,0.7541899441340782,0.5092178770949721,0.6722532588454376,179
hybrid_rrf_rerank_mq,central_disorders_of_hypersomnolence,0.3438502673796791,0.36363636363636365,0.48823529411764705,0.5187165775401069,0.6165775401069519,0.6470588235294118,0.6625668449197861,0.7219251336898396,0.44613572701807996,0.3438502673796791,0.36363636363636365,0.48823529411764705,0.5187165775401069,0.6165775401069519,0.6470588235294118,0.6625668449197861,0.7219251336898396,0.44613572701807996,0.6165775401069519,187
hybrid_rrf_rerank_mq,circadian_rhythm_sleep_wake_disorders,0.3625,0.4083333333333333,0.4625,0.5583333333333333,0.575,0.65,0.7125,0.8166666666666667,0.45783730158730157,0.3625,0.4083333333333333,0.4625,0.5583333333333333,0.575,0.65,0.7125,0.8166666666666667,0.45783730158730157,0.575,120
hybrid_rrf_rerank_mq,classification_coding,0.3,0.4,0.4,0.5,0.4,0.5,0.5,0.5,0.35,0.3,0.4,0.4,0.5,0.4,0.5,0.5,0.5,0.35,0.4,10
hybrid_rrf_rerank_mq,insomnia_disorders,0.1568627450980392,0.22549019607843138,0.29411764705882354,0.3627450980392157,0.38235294117647056,0.4411764705882353,0.4803921568627451,0.5392156862745098,0.2529295051353875,0.1568627450980392,0.22549019607843138,0.29411764705882354,0.3627450980392157,0.38235294117647056,0.4411764705882353,0.4803921568627451,0.5392156862745098,0.2529295051353875,0.38235294117647056,102
hybrid_rrf_rerank_mq,introduction,0.15,0.2,0.15,0.2,0.2,0.3,0.2,0.3,0.22000000000000003,0.15,0.2,0.15,0.2,0.2,0.3,0.2,0.3,0.22000000000000003,0.2,10
hybrid_rrf_rerank_mq,other_sleep_disorders,0.1,0.4,0.3,0.8,0.55,0.8,0.65,0.8,0.2533333333333333,0.1,0.4,0.3,0.8,0.55,0.8,0.65,0.8,0.2533333333333333,0.55,10
hybrid_rrf_rerank_mq,parasomnias,0.39664804469273746,0.41899441340782123,0.5009310986964618,0.5810055865921788,0.5707635009310987,0.6480446927374302,0.7383612662942272,0.7877094972067039,0.48226256983240223,0.39664804469273746,0.41899441340782123,0.5009310986964618,0.5810055865921788,0.5707635009310987,0.6480446927374302,0.7383612662942272,0.7877094972067039,0.48226256983240223,0.5707635009310987,179
hybrid_rrf_rerank_mq,sleep_related_breathing_disorders,0.41304347826086957,0.4891304347826087,0.5692934782608695,0.6494565217391305,0.6426630434782609,0.7364130434782609,0.7531702898550725,0.8532608695652174,0.5325116459627329,0.41304347826086957,0.4891304347826087,0.5692934782608695,0.6494565217391305,0.6426630434782609,0.7364130434782609,0.7531702898550725,0.8532608695652174,0.5325116459627329,0.6426630434782609,368
hybrid_rrf_rerank_mq,sleep_related_medical_neurological_disorders,0.24,0.3,0.42,0.48,0.5,0.64,0.58,0.68,0.344,0.24,0.3,0.42,0.48,0.5,0.64,0.58,0.68,0.344,0.5,50
hybrid_rrf_rerank_mq,sleep_related_movement_disorders,0.3202979515828678,0.3575418994413408,0.5018621973929236,0.5586592178770949,0.6052141527001862,0.6703910614525139,0.7225325884543762,0.7932960893854749,0.44633546155892523,0.3202979515828678,0.3575418994413408,0.5018621973929236,0.5586592178770949,0.6052141527001862,0.6703910614525139,0.7225325884543762,0.7932960893854749,0.44633546155892523,0.6052141527001862,179
hybrid_rrf_rerank_mq_jiwar,central_disorders_of_hypersomnolence,0.36363636363636365,0.37433155080213903,0.5240641711229946,0.5454545454545454,0.6256684491978609,0.6417112299465241,0.6417112299465241,0.6631016042780749,0.45989304812834225,0.36363636363636365,0.37433155080213903,0.5240641711229946,0.5454545454545454,0.6256684491978609,0.6417112299465241,0.6417112299465241,0.6631016042780749,0.45989304812834225,0.6165775401069519,187
hybrid_rrf_rerank_mq_jiwar,circadian_rhythm_sleep_wake_disorders,0.39166666666666666,0.4083333333333333,0.5166666666666667,0.5583333333333333,0.6,0.6416666666666667,0.7125,0.775,0.48623015873015873,0.39166666666666666,0.4083333333333333,0.5166666666666667,0.5583333333333333,0.6,0.6416666666666667,0.7125,0.775,0.48623015873015873,0.575,120
hybrid_rrf_rerank_mq_jiwar,classification_coding,0.4,0.4,0.5,0.5,0.5,0.5,0.5,0.5,0.4333333333333333,0.4,0.4,0.5,0.5,0.5,0.5,0.5,0.5,0.4333333333333333,0.4,10
hybrid_rrf_rerank_mq_jiwar,insomnia_disorders,0.21568627450980393,0.2549019607843137,0.35294117647058826,0.39215686274509803,0.4117647058823529,0.4411764705882353,0.45098039215686275,0.4803921568627451,0.29668534080298786,0.21568627450980393,0.2549019607843137,0.35294117647058826,0.39215686274509803,0.4117647058823529,0.4411764705882353,0.45098039215686275,0.4803921568627451,0.29668534080298786,0.38235294117647056,102
hybrid_rrf_rerank_mq_jiwar,introduction,0.15,0.2,0.15,0.3,0.2,0.4,0.2,0.4,0.22000000000000003,0.15,0.2,0.15,0.3,0.2,0.4,0.2,0.4,0.22000000000000003,0.2,10
hybrid_rrf_rerank_mq_jiwar,other_sleep_disorders,0.1,0.4,0.45,0.8,0.45,0.8,0.45,0.8,0.2333333333333333,0.1,0.4,0.45,0.8,0.45,0.8,0.45,0.8,0.2333333333333333,0.55,10
hybrid_rrf_rerank_mq_jiwar,parasomnias,0.4106145251396648,0.4301675977653631,0.5242085661080074,0.5865921787709497,0.5884543761638733,0.6368715083798883,0.633147113594041,0.6759776536312849,0.48676509710029264,0.4106145251396648,0.4301675977653631,0.5242085661080074,0.5865921787709497,0.5884543761638733,0.6368715083798883,0.633147113594041,0.6759776536312849,0.48676509710029264,0.5707635009310987,179
hybrid_rrf_rerank_mq_jiwar,sleep_related_breathing_disorders,0.46422101449275366,0.49728260869565216,0.6231884057971014,0.6766304347826086,0.677536231884058,0.7391304347826086,0.7182971014492753,0.7853260869565217,0.5639039855072463,0.46422101449275366,0.49728260869565216,0.6231884057971014,0.6766304347826086,0.677536231884058,0.7391304347826086,0.7182971014492753,0.7853260869565217,0.5639039855072463,0.6426630434782609,368
hybrid_rrf_rerank_mq_jiwar,sleep_related_medical_neurological_disorders,0.28,0.3,0.46,0.48,0.52,0.62,0.54,0.62,0.37166666666666665,0.28,0.3,0.46,0.48,0.52,0.62,0.54,0.62,0.37166666666666665,0.5,50
hybrid_rrf_rerank_mq_jiwar,sleep_related_movement_disorders,0.33705772811918067,0.3687150837988827,0.521415270018622,0.5754189944134078,0.6135940409683426,0.6703910614525139,0.6722532588454376,0.7374301675977654,0.450877893056664,0.33705772811918067,0.3687150837988827,0.521415270018622,0.5754189944134078,0.6135940409683426,0.6703910614525139,0.6722532588454376,0.7374301675977654,0.450877893056664,0.6052141527001862,179
hybrid_rrf_rerank_mq_pageagg,central_disorders_of_hypersomnolence,0.32245989304812833,0.3422459893048128,0.44545454545454544,0.47058823529411764,0.47219251336898393,0.48663101604278075,0.47754010695187166,0.48663101604278075,0.3848102877514642,0.32245989304812833,0.3422459893048128,0.44545454545454544,0.47058823529411764,0.47219251336898393,0.48663101604278075,0.47754010695187166,0.48663101604278075,0.3848102877514642,0.47219251336898393,187
hybrid_rrf_rerank_mq_pageagg,circadian_rhythm_sleep_wake_disorders,0.3333333333333333,0.375,0.4166666666666667,0.5166666666666667,0.48333333333333334,0.5166666666666667,0.49166666666666664,0.5166666666666667,0.39131944444444444,0.3333333333333333,0.375,0.4166666666666667,0.5166666666666667,0.48333333333333334,0.5166666666666667,0.49166666666666664,0.5166666666666667,0.39131944444444444,0.48333333333333334,120
hybrid_rrf_rerank_mq_pageagg,classification_coding,0.3,0.4,0.4,0.4,0.4,0.4,0.4,0.4,0.33333333333333337,0.3,0.4,0.4,0.4,0.4,0.4,0.4,0.4,0.33333333333333337,0.4,10
hybrid_rrf_rerank_mq_pageagg,insomnia_disorders,0.14705882352941177,0.21568627450980393,0.30392156862745096,0.3431372549019608,0.3333333333333333,0.3431372549019608,0.3431372549019608,0.3431372549019608,0.22254901960784312,0.14705882352941177,0.21568627450980393,0.30392156862745096,0.3431372549019608,0.3333333333333333,0.3431372549019608,0.3431372549019608,0.3431372549019608,0.22254901960784312,0.3333333333333333,102
hybrid_rrf_rerank_mq_pageagg,introduction,0.15,0.2,0.2,0.3,0.2,0.3,0.2,0.3,0.23333333333333334,0.15,0.2,0.2,0.3,0.2,0.3,0.2,0.3,0.23333333333333334,0.2,10
hybrid_rrf_rerank_mq_pageagg,other_sleep_disorders,0.3,0.6,0.3,0.8,0.8,0.8,0.8,0.8,0.41500000000000004,0.3,0.6,0.3,0.8,0.8,0.8,0.8,0.8,0.41500000000000004,0.8,10
hybrid_rrf_rerank_mq_pageagg,parasomnias,0.388268156424581,0.41899441340782123,0.4813780260707635,0.5642458100558659,0.5605214152700186,0.5810055865921788,0.563314711359404,0.5810055865921788,0.4499068901303538,0.388268156424581,0.41899441340782123,0.4813780260707635,0.5642458100558659,0.5605214152700186,0.5810055865921788,0.563314711359404,0.5810055865921788,0.4499068901303538,0.5605214152700186,179
hybrid_rrf_rerank_mq_pageagg,sleep_related_breathing_disorders,0.40625,0.483695652173913,0.5502717391304348,0.6358695652173914,0.6009963768115941,0.6521739130434783,0.6231884057971014,0.654891304347826,0.500093814699793,0.40625,0.483695652173913,0.5502717391304348,0.6358695652173914,0.6009963768115941,0.6521739130434783,0.6231884057971014,0.654891304347826,0.500093814699793,0.6009963768115941,368
hybrid_rrf_rerank_mq_pageagg,sleep_related_medical_neurological_disorders,0.2,0.26,0.34,0.42,0.38,0.42,0.42,0.42,0.27149999999999996,0.2,0.26,0.34,0.42,0.38,0.42,0.42,0.42,0.27149999999999996,0.38,50
hybrid_rrf_rerank_mq_pageagg,sleep_related_movement_disorders,0.28957169459962756,0.3240223463687151,0.4739292364990689,0.5307262569832403,0.5074487895716946,0.547486033519553,0.5353817504655494,0.547486033519553,0.38623304070231446,0.28957169459962756,0.3240223463687151,0.4739292364990689,0.5307262569832403,0.5074487895716946,0.547486033519553,0.5353817504655494,0.547486033519553,0.38623304070231446,0.5074487895716946,179
hybrid_rrf_rerank_pageagg,central_disorders_of_hypersomnolence,0.3705882352941176,0.39572192513368987,0.47754010695187166,0.49732620320855614,0.506951871657754,0.5294117647058824,0.5176470588235293,0.5294117647058824,0.431869111280876,0.3705882352941176,0.39572192513368987,0.47754010695187166,0.49732620320855614,0.506951871657754,0.5294117647058824,0.5176470588235293,0.5294117647058824,0.431869111280876,0.506951871657754,187
hybrid_rrf_rerank_pageagg,circadian_rhythm_sleep_wake_disorders,0.3875,0.44166666666666665,0.5083333333333333,0.6166666666666667,0.6,0.625,0.6083333333333333,0.625,0.4747321428571428,0.3875,0.44166666666666665,0.5083333333333333,0.6166666666666667,0.6,0.625,0.6083333333333333,0.625,0.4747321428571428,0.6,120
hybrid_rrf_rerank_pageagg,classification_coding,0.3,0.4,0.5,0.5,0.5,0.5,0.5,0.5,0.38333333333333336,0.3,0.4,0.5,0.5,0.5,0.5,0.5,0.5,0.38333333333333336,0.5,10
hybrid_rrf_rerank_pageagg,insomnia_disorders,0.16666666666666666,0.23529411764705882,0.3137254901960784,0.37254901960784315,0.35294117647058826,0.37254901960784315,0.3627450980392157,0.37254901960784315,0.2462418300653595,0.16666666666666666,0.23529411764705882,0.3137254901960784,0.37254901960784315,0.35294117647058826,0.37254901960784315,0.3627450980392157,0.37254901960784315,0.2462418300653595,0.35294117647058826,102
hybrid_rrf_rerank_pageagg,introduction,0.15,0.2,0.2,0.3,0.2,0.3,0.2,0.3,0.23333333333333334,0.15,0.2,0.2,0.3,0.2,0.3,0.2,0.3,0.23333333333333334,0.2,10
hybrid_rrf_rerank_pageagg,other_sleep_disorders,0.3,0.6,0.3,0.8,0.8,0.8,0.8,0.8,0.41500000000000004,0.3,0.6,0.3,0.8,0.8,0.8,0.8,0.8,0.41500000000000004,0.8,10
hybrid_rrf_rerank_pageagg,parasomnias,0.40037243947858475,0.43575418994413406,0.5400372439478585,0.6145251396648045,0.5875232774674116,0.6201117318435754,0.6052141527001862,0.6201117318435754,0.47770018621973925,0.40037243947858475,0.43575418994413406,0.5400372439478585,0.6145251396648045,0.5875232774674116,0.6201117318435754,0.6052141527001862,0.6201117318435754,0.47770018621973925,0.5875232774674116,179
hybrid_rrf_rerank_pageagg,sleep_related_breathing_disorders,0.43070652173913043,0.5190217391304348,0.5788043478260869,0.6657608695652174,0.6336050724637681,0.6929347826086957,0.6612318840579711,0.6929347826086957,0.5326378105590062,0.43070652173913043,0.5190217391304348,0.5788043478260869,0.6657608695652174,0.6336050724637681,0.6929347826086957,0.6612318840579711,0.6929347826086957,0.5326378105590062,0.6336050724637681,368
hybrid_rrf_rerank_pageagg,sleep_related_medical_neurological_disorders,0.24,0.3,0.4,0.54,0.48,0.54,0.54,0.54,0.3409047619047619,0.24,0.3,0.4,0.54,0.48,0.54,0.54,0.54,0.3409047619047619,0.48,50
hybrid_rrf_rerank_pageagg,sleep_related_movement_disorders,0.3538175046554935,0.4022346368715084,0.5605214152700186,0.6256983240223464,0.5940409683426443,0.6424581005586593,0.6219739292364991,0.6424581005586593,0.4671056131949987,0.3538175046554935,0.4022346368715084,0.5605214152700186,0.6256983240223464,0.5940409683426443,0.6424581005586593,0.6219739292364991,0.6424581005586593,0.4671056131949987,0.5940409683426443,179
hybrid_rrf_rerank_pageagg_jiwar,central_disorders_of_hypersomnolence,0.39037433155080214,0.40106951871657753,0.5026737967914439,0.5294117647058824,0.516042780748663,0.5294117647058824,0.516042780748663,0.5294117647058824,0.4442959001782531,0.39037433155080214,0.40106951871657753,0.5026737967914439,0.5294117647058824,0.516042780748663,0.5294117647058824,0.516042780748663,0.5294117647058824,0.4442959001782531,0.506951871657754,187
hybrid_rrf_rerank_pageagg_jiwar,circadian_rhythm_sleep_wake_disorders,0.425,0.44166666666666665,0.5583333333333333,0.625,0.6,0.625,0.6,0.625,0.5020833333333333,0.425,0.44166666666666665,0.5583333333333333,0.625,0.6,0.625,0.6,0.625,0.5020833333333333,0.6,120
hybrid_rrf_rerank_pageagg_jiwar,classification_coding,0.4,0.4,0.5,0.5,0.5,0.5,0.5,0.5,0.45,0.4,0.4,0.5,0.5,0.5,0.5,0.5,0.5,0.45,0.5,10
hybrid_rrf_rerank_pageagg_jiwar,insomnia_disorders,0.22549019607843138,0.2647058823529412,0.3627450980392157,0.4117647058823529,0.37254901960784315,0.4117647058823529,0.37254901960784315,0.4117647058823529,0.2916666666666667,0.22549019607843138,0.2647058823529412,0.3627450980392157,0.4117647058823529,0.37254901960784315,0.4117647058823529,0.37254901960784315,0.4117647058823529,0.2916666666666667,0.35294117647058826,102
hybrid_rrf_rerank_pageagg_jiwar,introduction,0.15,0.2,0.2,0.4,0.2,0.4,0.2,0.4,0.23333333333333334,0.15,0.2,0.2,0.4,0.2,0.4,0.2,0.4,0.23333333333333334,0.2,10
hybrid_rrf_rerank_pageagg_jiwar,other_sleep_disorders,0.3,0.6,0.45,0.8,0.7,0.8,0.7,0.8,0.4166666666666667,0.3,0.6,0.45,0.8,0.7,0.8,0.7,0.8,0.4166666666666667,0.8,10
hybrid_rrf_rerank_pageagg_jiwar,parasomnias,0.4180633147113594,0.44692737430167595,0.5605214152700186,0.6145251396648045,0.5968342644320298,0.6201117318435754,0.5968342644320298,0.6201117318435754,0.49553072625698324,0.4180633147113594,0.44692737430167595,0.5605214152700186,0.6145251396648045,0.5968342644320298,0.6201117318435754,0.5968342644320298,0.6201117318435754,0.49553072625698324,0.5875232774674116,179
hybrid_rrf_rerank_pageagg_jiwar,sleep_related_breathing_disorders,0.4886775362318841,0.5244565217391305,0.6308876811594203,0.6902173913043478,0.6607789855072463,0.6956521739130435,0.6634963768115941,0.6956521739130435,0.5715579710144928,0.4886775362318841,0.5244565217391305,0.6308876811594203,0.6902173913043478,0.6607789855072463,0.6956521739130435,0.6634963768115941,0.6956521739130435,0.5715579710144928,0.6336050724637681,368
hybrid_rrf_rerank_pageagg_jiwar,sleep_related_medical_neurological_disorders,0.28,0.3,0.44,0.54,0.52,0.54,0.52,0.54,0.37233333333333335,0.28,0.3,0.44,0.54,0.52,0.54,0.52,0.54,0.37233333333333335,0.48,50
hybrid_rrf_rerank_pageagg_jiwar,sleep_related_movement_disorders,0.37057728119180633,0.41899441340782123,0.5772811918063314,0.6424581005586593,0.6052141527001862,0.6480446927374302,0.6108007448789572,0.6480446927374302,0.4756983240223464,0.37057728119180633,0.41899441340782123,0.5772811918063314,0.6424581005586593,0.6052141527001862,0.6480446927374302,0.6108007448789572,0.6480446927374302,0.4756983240223464,0.5940409683426443,179
scope_bm25_only,central_disorders_of_hypersomnolence,0.48128342245989303,0.5401069518716578,0.6176470588235294,0.6684491978609626,0.6925133689839572,0.7486631016042781,0.7272727272727273,0.786096256684492,0.5685064935064935,0.48128342245989303,0.5401069518716578,0.6176470588235294,0.6684491978609626,0.6925133689839572,0.7486631016042781,0.7272727272727273,0.786096256684492,0.5685064935064935,0.6925133689839572,187
scope_bm25_only,circadian_rhythm_sleep_wake_disorders,0.6166666666666667,0.6916666666666667,0.7375,0.8083333333333333,0.8166666666666667,0.8666666666666667,0.8583333333333333,0.9083333333333333,0.707390873015873,0.6166666666666667,0.6916666666666667,0.7375,0.8083333333333333,0.8166666666666667,0.8666666666666667,0.8583333333333333,0.9083333333333333,0.707390873015873,0.8166666666666667,120
scope_bm25_only,classification_coding,0.3,0.3,0.4,0.4,0.5,0.5,0.6,0.6,0.38666666666666666,0.3,0.3,0.4,0.4,0.5,0.5,0.6,0.6,0.38666666666666666,0.5,10
scope_bm25_only,insomnia_disorders,0.45098039215686275,0.5490196078431373,0.6029411764705882,0.6568627450980392,0.6323529411764706,0.7058823529411765,0.7009803921568627,0.7941176470588235,0.5341153127917834,0.45098039215686275,0.5490196078431373,0.6029411764705882,0.6568627450980392,0.6323529411764706,0.7058823529411765,0.7009803921568627,0.7941176470588235,0.5341153127917834,0.6323529411764706,102
scope_bm25_only,introduction,0.3,0.3,0.45,0.5,0.55,0.6,0.55,0.6,0.4033333333333333,0.3,0.3,0.45,0.5,0.55,0.6,0.55,0.6,0.4033333333333333,0.55,10
scope_bm25_only,other_sleep_disorders,0.7,0.9,0.8,1.0,0.95,1.0,1.0,1.0,0.8,0.7,0.9,0.8,1.0,0.95,1.0,1.0,1.0,0.8,0.95,10
scope_bm25_only,parasomnias,0.5167597765363129,0.5865921787709497,0.6759776536312849,0.7374301675977654,0.6843575418994413,0.7541899441340782,0.7094972067039106,0.776536312849162,0.5962357009843043,0.5167597765363129,0.5865921787709497,0.6759776536312849,0.7374301675977654,0.6843575418994413,0.7541899441340782,0.7094972067039106,0.776536312849162,0.5962357009843043,0.6843575418994413,179
scope_bm25_only,sleep_related_breathing_disorders,0.4171195652173913,0.47554347826086957,0.5765398550724637,0.6385869565217391,0.6648550724637681,0.7228260869565217,0.7350543478260869,0.7880434782608695,0.5337409420289855,0.4171195652173913,0.47554347826086957,0.5765398550724637,0.6385869565217391,0.6648550724637681,0.7228260869565217,0.7350543478260869,0.7880434782608695,0.5337409420289855,0.6648550724637681,368
scope_bm25_only,sleep_related_medical_neurological_disorders,0.7,0.8,0.8,0.84,0.84,0.86,0.88,0.9,0.7615000000000001,0.7,0.8,0.8,0.84,0.84,0.86,0.88,0.9,0.7615000000000001,0.84,50
scope_bm25_only,sleep_related_movement_disorders,0.4376163873370577,0.5027932960893855,0.6080074487895717,0.6759776536312849,0.7029795158286778,0.776536312849162,0.7616387337057728,0.8324022346368715,0.5562583133812184,0.4376163873370577,0.5027932960893855,0.6080074487895717,0.6759776536312849,0.7029795158286778,0.776536312849162,0.7616387337057728,0.8324022346368715,0.5562583133812184,0.7029795158286778,179
scope_dense_only,central_disorders_of_hypersomnolence,0.4497326203208556,0.5347593582887701,0.6705882352941177,0.7433155080213903,0.7320855614973263,0.8021390374331551,0.7855614973262033,0.839572192513369,0.5739113827349122,0.4497326203208556,0.5347593582887701,0.6705882352941177,0.7433155080213903,0.7320855614973263,0.8021390374331551,0.7855614973262033,0.839572192513369,0.5739113827349122,0.7320855614973263,187
scope_dense_only,circadian_rhythm_sleep_wake_disorders,0.5958333333333333,0.7166666666666667,0.7833333333333333,0.8666666666666667,0.8291666666666667,0.9083333333333333,0.8958333333333334,0.9583333333333334,0.712718253968254,0.5958333333333333,0.7166666666666667,0.7833333333333333,0.8666666666666667,0.8291666666666667,0.9083333333333333,0.8958333333333334,0.9583333333333334,0.712718253968254,0.8291666666666667,120
scope_dense_only,classification_coding,0.5,0.7,0.9,0.9,1.0,1.0,1.0,1.0,0.7083333333333333,0.5,0.7,0.9,0.9,1.0,1.0,1.0,1.0,0.7083333333333333,1.0,10
scope_dense_only,insomnia_disorders,0.5294117647058824,0.6470588235294118,0.7352941176470589,0.803921568627451,0.8382352941176471,0.8823529411764706,0.8627450980392157,0.9313725490196079,0.6563958916900093,0.5294117647058824,0.6470588235294118,0.7352941176470589,0.803921568627451,0.8382352941176471,0.8823529411764706,0.8627450980392157,0.9313725490196079,0.6563958916900093,0.8382352941176471,102
scope_dense_only,introduction,0.25,0.4,0.7,0.8,0.7,0.8,0.85,0.9,0.5642857142857143,0.25,0.4,0.7,0.8,0.7,0.8,0.85,0.9,0.5642857142857143,0.7,10
scope_dense_only,other_sleep_disorders,0.8,1.0,0.9,1.0,0.95,1.0,1.0,1.0,0.875,0.8,1.0,0.9,1.0,0.95,1.0,1.0,1.0,0.875,0.95,10
scope_dense_only,parasomnias,0.5847299813780261,0.6480446927374302,0.808193668528864,0.8491620111731844,0.855679702048417,0.9050279329608939,0.9003724394785847,0.9385474860335196,0.702440808725725,0.5847299813780261,0.6480446927374302,0.808193668528864,0.8491620111731844,0.855679702048417,0.9050279329608939,0.9003724394785847,0.9385474860335196,0.702440808725725,0.855679702048417,179
scope_dense_only,sleep_related_breathing_disorders,0.4596920289855072,0.5434782608695652,0.6739130434782609,0.75,0.7663043478260869,0.8478260869565217,0.8405797101449275,0.8858695652173914,0.6052795031055901,0.4596920289855072,0.5434782608695652,0.6739130434782609,0.75,0.7663043478260869,0.8478260869565217,0.8405797101449275,0.8858695652173914,0.6052795031055901,0.7663043478260869,368
scope_dense_only,sleep_related_medical_neurological_disorders,0.74,0.82,0.9,0.94,0.94,0.96,0.96,0.98,0.818,0.74,0.82,0.9,0.94,0.94,0.96,0.96,0.98,0.818,0.94,50
scope_dense_only,sleep_related_movement_disorders,0.5102420856610801,0.6201117318435754,0.7057728119180633,0.7988826815642458,0.8063314711359405,0.88268156424581,0.8454376163873372,0.9050279329608939,0.6441939345570631,0.5102420856610801,0.6201117318435754,0.7057728119180633,0.7988826815642458,0.8063314711359405,0.88268156424581,0.8454376163873372,0.9050279329608939,0.6441939345570631,0.8063314711359405,179
scope_hybrid_rrf,central_disorders_of_hypersomnolence,0.5106951871657754,0.5935828877005348,0.7085561497326203,0.7700534759358288,0.7727272727272727,0.8181818181818182,0.8176470588235294,0.8556149732620321,0.6238222561751973,0.5106951871657754,0.5935828877005348,0.7085561497326203,0.7700534759358288,0.7727272727272727,0.8181818181818182,0.8176470588235294,0.8556149732620321,0.6238222561751973,0.7727272727272727,187
scope_hybrid_rrf,circadian_rhythm_sleep_wake_disorders,0.6875,0.7916666666666666,0.8416666666666667,0.9,0.8833333333333333,0.9416666666666667,0.9083333333333333,0.9583333333333334,0.7860515873015873,0.6875,0.7916666666666666,0.8416666666666667,0.9,0.8833333333333333,0.9416666666666667,0.9083333333333333,0.9583333333333334,0.7860515873015873,0.8833333333333333,120
scope_hybrid_rrf,classification_coding,0.2,0.3,0.7,0.7,0.9,0.9,1.0,1.0,0.5142857142857142,0.2,0.3,0.7,0.7,0.9,0.9,1.0,1.0,0.5142857142857142,0.9,10
scope_hybrid_rrf,insomnia_disorders,0.553921568627451,0.6568627450980392,0.7549019607843137,0.8431372549019608,0.8235294117647058,0.9019607843137255,0.8333333333333334,0.9117647058823529,0.6611928104575163,0.553921568627451,0.6568627450980392,0.7549019607843137,0.8431372549019608,0.8235294117647058,0.9019607843137255,0.8333333333333334,0.9117647058823529,0.6611928104575163,0.8235294117647058,102
scope_hybrid_rrf,introduction,0.35,0.5,0.45,0.5,0.6,0.7,0.65,0.7,0.495,0.35,0.5,0.45,0.5,0.6,0.7,0.65,0.7,0.495,0.6,10
scope_hybrid_rrf,other_sleep_disorders,0.8,1.0,0.95,1.0,0.95,1.0,1.0,1.0,0.9,0.8,1.0,0.95,1.0,0.95,1.0,1.0,1.0,0.9,0.95,10
scope_hybrid_rrf,parasomnias,0.5642458100558659,0.6480446927374302,0.7318435754189944,0.776536312849162,0.7821229050279329,0.8435754189944135,0.8184357541899442,0.888268156424581,0.6606411279595638,0.5642458100558659,0.6480446927374302,0.7318435754189944,0.776536312849162,0.7821229050279329,0.8435754189944135,0.8184357541899442,0.888268156424581,0.6606411279595638,0.7821229050279329,179
scope_hybrid_rrf,sleep_related_breathing_disorders,0.5009057971014493,0.5842391304347826,0.720108695652174,0.7744565217391305,0.7875905797101449,0.8505434782608695,0.8269927536231884,0.8913043478260869,0.6358404503105589,0.5009057971014493,0.5842391304347826,0.720108695652174,0.7744565217391305,0.7875905797101449,0.8505434782608695,0.8269927536231884,0.8913043478260869,0.6358404503105589,0.7875905797101449,368
scope_hybrid_rrf,sleep_related_medical_neurological_disorders,0.76,0.9,0.9,0.94,0.92,0.94,0.92,0.94,0.8316666666666667,0.76,0.9,0.9,0.94,0.92,0.94,0.92,0.94,0.8316666666666667,0.92,50
scope_hybrid_rrf,sleep_related_movement_disorders,0.5297951582867784,0.6145251396648045,0.7057728119180633,0.7932960893854749,0.7867783985102421,0.8603351955307262,0.8398510242085662,0.9050279329608939,0.6506717212024475,0.5297951582867784,0.6145251396648045,0.7057728119180633,0.7932960893854749,0.7867783985102421,0.8603351955307262,0.8398510242085662,0.9050279329608939,0.6506717212024475,0.7867783985102421,179
scope_hybrid_rrf_rerank,central_disorders_of_hypersomnolence,0.5262032085561498,0.5882352941176471,0.7000000000000001,0.7754010695187166,0.7775401069518717,0.8342245989304813,0.8283422459893048,0.8716577540106952,0.6395021645021645,0.5262032085561498,0.5882352941176471,0.7000000000000001,0.7754010695187166,0.7775401069518717,0.8342245989304813,0.8283422459893048,0.8716577540106952,0.6395021645021645,0.7775401069518717,187
scope_hybrid_rrf_rerank,circadian_rhythm_sleep_wake_disorders,0.6,0.675,0.7333333333333333,0.8166666666666667,0.8041666666666667,0.8833333333333333,0.8416666666666667,0.9166666666666666,0.6882738095238096,0.6,0.675,0.7333333333333333,0.8166666666666667,0.8041666666666667,0.8833333333333333,0.8416666666666667,0.9166666666666666,0.6882738095238096,0.8041666666666667,120
scope_hybrid_rrf_rerank,classification_coding,0.4,0.5,0.6,0.6,0.8,0.8,0.9,0.9,0.525952380952381,0.4,0.5,0.6,0.6,0.8,0.8,0.9,0.9,0.525952380952381,0.8,10
scope_hybrid_rrf_rerank,insomnia_disorders,0.46405228758169936,0.5980392156862745,0.7287581699346405,0.7941176470588235,0.7777777777777777,0.8333333333333334,0.8169934640522876,0.8921568627450981,0.6056372549019607,0.46405228758169936,0.5980392156862745,0.7287581699346405,0.7941176470588235,0.7777777777777777,0.8333333333333334,0.8169934640522876,0.8921568627450981,0.6056372549019607,0.7777777777777777,102
scope_hybrid_rrf_rerank,introduction,0.25,0.3,0.45,0.5,0.45,0.5,0.65,0.7,0.4267857142857142,0.25,0.3,0.45,0.5,0.45,0.5,0.65,0.7,0.4267857142857142,0.45,10
scope_hybrid_rrf_rerank,other_sleep_disorders,0.55,0.8,0.75,1.0,1.0,1.0,1.0,1.0,0.745,0.55,0.8,0.75,1.0,1.0,1.0,1.0,1.0,0.745,1.0,10
scope_hybrid_rrf_rerank,parasomnias,0.590316573556797,0.6536312849162011,0.7811918063314712,0.8212290502793296,0.8314711359404098,0.8715083798882681,0.8705772811918063,0.9106145251396648,0.7007648310720936,0.590316573556797,0.6536312849162011,0.7811918063314712,0.8212290502793296,0.8314711359404098,0.8715083798882681,0.8705772811918063,0.9106145251396648,0.7007648310720936,0.8314711359404098,179
scope_hybrid_rrf_rerank,sleep_related_breathing_disorders,0.5126811594202898,0.6086956521739131,0.7105978260869565,0.7961956521739131,0.8038949275362318,0.8858695652173914,0.8659420289855073,0.9347826086956522,0.6524585921325052,0.5126811594202898,0.6086956521739131,0.7105978260869565,0.7961956521739131,0.8038949275362318,0.8858695652173914,0.8659420289855073,0.9347826086956522,0.6524585921325052,0.8038949275362318,368
scope_hybrid_rrf_rerank,sleep_related_medical_neurological_disorders,0.56,0.72,0.7,0.82,0.78,0.88,0.88,0.94,0.6608571428571429,0.56,0.72,0.7,0.82,0.78,0.88,0.88,0.94,0.6608571428571429,0.78,50
scope_hybrid_rrf_rerank,sleep_related_movement_disorders,0.5409683426443203,0.6368715083798883,0.7169459962756053,0.8100558659217877,0.7895716945996276,0.8715083798882681,0.8901303538175047,0.9162011173184358,0.662829209896249,0.5409683426443203,0.6368715083798883,0.7169459962756053,0.8100558659217877,0.7895716945996276,0.8715083798882681,0.8901303538175047,0.9162011173184358,0.662829209896249,0.7895716945996276,179
scope_hybrid_rrf_rerank_jiwar,central_disorders_of_hypersomnolence,0.5775401069518716,0.5989304812834224,0.7540106951871658,0.7914438502673797,0.7994652406417112,0.8288770053475936,0.7994652406417112,0.8288770053475936,0.6724598930481284,0.5775401069518716,0.5989304812834224,0.7540106951871658,0.7914438502673797,0.7994652406417112,0.8288770053475936,0.7994652406417112,0.8288770053475936,0.6724598930481284,0.7775401069518717,187
scope_hybrid_rrf_rerank_jiwar,circadian_rhythm_sleep_wake_disorders,0.65,0.6833333333333333,0.7916666666666666,0.825,0.8541666666666666,0.8833333333333333,0.8541666666666666,0.8833333333333333,0.7388888888888889,0.65,0.6833333333333333,0.7916666666666666,0.825,0.8541666666666666,0.8833333333333333,0.8541666666666666,0.8833333333333333,0.7388888888888889,0.8041666666666667,120
scope_hybrid_rrf_rerank_jiwar,classification_coding,0.5,0.5,0.6,0.7,0.7,0.8,0.7,0.8,0.5583333333333333,0.5,0.5,0.6,0.7,0.7,0.8,0.7,0.8,0.5583333333333333,0.8,10
scope_hybrid_rrf_rerank_jiwar,insomnia_disorders,0.565359477124183,0.5980392156862745,0.7614379084967321,0.803921568627451,0.7908496732026145,0.8333333333333334,0.7908496732026145,0.8333333333333334,0.6642156862745098,0.565359477124183,0.5980392156862745,0.7614379084967321,0.803921568627451,0.7908496732026145,0.8333333333333334,0.7908496732026145,0.8333333333333334,0.6642156862745098,0.7777777777777777,102
scope_hybrid_rrf_rerank_jiwar,introduction,0.25,0.3,0.45,0.5,0.45,0.5,0.45,0.5,0.4,0.25,0.3,0.45,0.5,0.45,0.5,0.45,0.5,0.4,0.45,10
scope_hybrid_rrf_rerank_jiwar,other_sleep_disorders,0.7,0.8,0.9,1.0,1.0,1.0,1.0,1.0,0.8083333333333333,0.7,0.8,0.9,1.0,1.0,1.0,1.0,1.0,0.8083333333333333,1.0,10
scope_hybrid_rrf_rerank_jiwar,parasomnias,0.6415270018621974,0.664804469273743,0.8240223463687151,0.8435754189944135,0.8631284916201117,0.8715083798882681,0.8631284916201117,0.8715083798882681,0.7394785847299814,0.6415270018621974,0.664804469273743,0.8240223463687151,0.8435754189944135,0.8631284916201117,0.8715083798882681,0.8631284916201117,0.8715083798882681,0.7394785847299814,0.8314711359404098,179
scope_hybrid_rrf_rerank_jiwar,sleep_related_breathing_disorders,0.5670289855072463,0.6168478260869565,0.7807971014492753,0.8233695652173914,0.8319746376811594,0.8831521739130435,0.8346920289855073,0.8831521739130435,0.6891304347826087,0.5670289855072463,0.6168478260869565,0.7807971014492753,0.8233695652173914,0.8319746376811594,0.8831521739130435,0.8346920289855073,0.8831521739130435,0.6891304347826087,0.8038949275362318,368
scope_hybrid_rrf_rerank_jiwar,sleep_related_medical_neurological_disorders,0.68,0.72,0.8,0.82,0.82,0.86,0.82,0.86,0.7416666666666667,0.68,0.72,0.8,0.82,0.82,0.86,0.82,0.86,0.7416666666666667,0.78,50
scope_hybrid_rrf_rerank_jiwar,sleep_related_movement_disorders,0.5940409683426443,0.659217877094972,0.7644320297951583,0.8268156424581006,0.8230912476722533,0.8659217877094972,0.8286778398510243,0.8659217877094972,0.6956238361266294,0.5940409683426443,0.659217877094972,0.7644320297951583,0.8268156424581006,0.8230912476722533,0.8659217877094972,0.8286778398510243,0.8659217877094972,0.6956238361266294,0.7895716945996276,179
scope_hybrid_rrf_rerank_mq,central_disorders_of_hypersomnolence,0.5475935828877005,0.6096256684491979,0.7053475935828877,0.786096256684492,0.7828877005347594,0.839572192513369,0.8310160427807487,0.8716577540106952,0.6528202189966895,0.5475935828877005,0.6096256684491979,0.7053475935828877,0.786096256684492,0.7828877005347594,0.839572192513369,0.8310160427807487,0.8716577540106952,0.6528202189966895,0.7828877005347594,187
scope_hybrid_rrf_rerank_mq,circadian_rhythm_sleep_wake_disorders,0.625,0.7,0.7541666666666667,0.8333333333333334,0.7958333333333333,0.8916666666666667,0.8333333333333334,0.9416666666666667,0.7025099206349206,0.625,0.7,0.7541666666666667,0.8333333333333334,0.7958333333333333,0.8916666666666667,0.8333333333333334,0.9416666666666667,0.7025099206349206,0.7958333333333333,120
scope_hybrid_rrf_rerank_mq,classification_coding,0.4,0.5,0.6,0.6,0.8,0.8,0.9,0.9,0.5241666666666667,0.4,0.5,0.6,0.6,0.8,0.8,0.9,0.9,0.5241666666666667,0.8,10
scope_hybrid_rrf_rerank_mq,insomnia_disorders,0.5032679738562091,0.6568627450980392,0.7581699346405228,0.8137254901960784,0.7777777777777777,0.8529411764705882,0.8513071895424836,0.9215686274509803,0.6382469654528479,0.5032679738562091,0.6568627450980392,0.7581699346405228,0.8137254901960784,0.7777777777777777,0.8529411764705882,0.8513071895424836,0.9215686274509803,0.6382469654528479,0.7777777777777777,102
scope_hybrid_rrf_rerank_mq,introduction,0.25,0.3,0.45,0.5,0.45,0.5,0.75,0.8,0.44107142857142856,0.25,0.3,0.45,0.5,0.45,0.5,0.75,0.8,0.44107142857142856,0.45,10
scope_hybrid_rrf_rerank_mq,other_sleep_disorders,0.55,0.8,0.75,1.0,1.0,1.0,1.0,1.0,0.745,0.55,0.8,0.75,1.0,1.0,1.0,1.0,1.0,0.745,1.0,10
scope_hybrid_rrf_rerank_mq,parasomnias,0.6070763500931099,0.664804469273743,0.7700186219739293,0.8156424581005587,0.8454376163873372,0.88268156424581,0.8733705772811918,0.9162011173184358,0.7082468741686619,0.6070763500931099,0.664804469273743,0.7700186219739293,0.8156424581005587,0.8454376163873372,0.88268156424581,0.8733705772811918,0.9162011173184358,0.7082468741686619,0.8454376163873372,179
scope_hybrid_rrf_rerank_mq,sleep_related_breathing_disorders,0.5153985507246377,0.6114130434782609,0.7214673913043478,0.8016304347826086,0.7971014492753623,0.8695652173913043,0.8577898550724639,0.9347826086956522,0.6526785714285714,0.5153985507246377,0.6114130434782609,0.7214673913043478,0.8016304347826086,0.7971014492753623,0.8695652173913043,0.8577898550724639,0.9347826086956522,0.6526785714285714,0.7971014492753623,368
scope_hybrid_rrf_rerank_mq,sleep_related_medical_neurological_disorders,0.58,0.74,0.72,0.86,0.78,0.9,0.86,0.92,0.6703571428571429,0.58,0.74,0.72,0.86,0.78,0.9,0.86,0.92,0.6703571428571429,0.78,50
scope_hybrid_rrf_rerank_mq,sleep_related_movement_disorders,0.5521415270018621,0.6368715083798883,0.7225325884543762,0.8156424581005587,0.797951582867784,0.8770949720670391,0.8845437616387337,0.9217877094972067,0.669659483905294,0.5521415270018621,0.6368715083798883,0.7225325884543762,0.8156424581005587,0.797951582867784,0.8770949720670391,0.8845437616387337,0.9217877094972067,0.669659483905294,0.797951582867784,179
scope_hybrid_rrf_rerank_mq_jiwar,central_disorders_of_hypersomnolence,0.5989304812834224,0.6203208556149733,0.7647058823529411,0.8021390374331551,0.8155080213903744,0.8449197860962567,0.8155080213903744,0.8449197860962567,0.6880570409982174,0.5989304812834224,0.6203208556149733,0.7647058823529411,0.8021390374331551,0.8155080213903744,0.8449197860962567,0.8155080213903744,0.8449197860962567,0.6880570409982174,0.7828877005347594,187
scope_hybrid_rrf_rerank_mq_jiwar,circadian_rhythm_sleep_wake_disorders,0.6833333333333333,0.7083333333333334,0.8041666666666667,0.85,0.8458333333333333,0.8916666666666667,0.8458333333333333,0.8916666666666667,0.7544444444444445,0.6833333333333333,0.7083333333333334,0.8041666666666667,0.85,0.8458333333333333,0.8916666666666667,0.8458333333333333,0.8916666666666667,0.7544444444444445,0.7958333333333333,120
scope_hybrid_rrf_rerank_mq_jiwar,classification_coding,0.5,0.5,0.6,0.7,0.7,0.8,0.7,0.8,0.5583333333333333,0.5,0.5,0.6,0.7,0.7,0.8,0.7,0.8,0.5583333333333333,0.8,10
scope_hybrid_rrf_rerank_mq_jiwar,insomnia_disorders,0.6241830065359477,0.6666666666666666,0.7810457516339869,0.8431372549019608,0.8006535947712419,0.8823529411764706,0.8006535947712419,0.8823529411764706,0.7009803921568627,0.6241830065359477,0.6666666666666666,0.7810457516339869,0.8431372549019608,0.8006535947712419,0.8823529411764706,0.8006535947712419,0.8823529411764706,0.7009803921568627,0.7777777777777777,102
scope_hybrid_rrf_rerank_mq_jiwar,introduction,0.25,0.3,0.45,0.5,0.45,0.5,0.45,0.5,0.4,0.25,0.3,0.45,0.5,0.45,0.5,0.45,0.5,0.4,0.45,10
scope_hybrid_rrf_rerank_mq_jiwar,other_sleep_disorders,0.7,0.8,0.9,1.0,1.0,1.0,1.0,1.0,0.8083333333333333,0.7,0.8,0.9,1.0,1.0,1.0,1.0,1.0,0.8083333333333333,1.0,10
scope_hybrid_rrf_rerank_mq_jiwar,parasomnias,0.6582867783985102,0.6759776536312849,0.8072625698324022,0.8324022346368715,0.8491620111731844,0.8603351955307262,0.8491620111731844,0.8603351955307262,0.7394785847299814,0.6582867783985102,0.6759776536312849,0.8072625698324022,0.8324022346368715,0.8491620111731844,0.8603351955307262,0.8491620111731844,0.8603351955307262,0.7394785847299814,0.8454376163873372,179
scope_hybrid_rrf_rerank_mq_jiwar,sleep_related_breathing_disorders,0.5751811594202898,0.6195652173913043,0.7903079710144927,0.8260869565217391,0.8333333333333334,0.8831521739130435,0.8333333333333334,0.8885869565217391,0.6933423913043478,0.5751811594202898,0.6195652173913043,0.7903079710144927,0.8260869565217391,0.8333333333333334,0.8831521739130435,0.8333333333333334,0.8885869565217391,0.6933423913043478,0.7971014492753623,368
scope_hybrid_rrf_rerank_mq_jiwar,sleep_related_medical_neurological_disorders,0.7,0.74,0.8,0.86,0.84,0.9,0.84,0.9,0.7566666666666667,0.7,0.74,0.8,0.86,0.84,0.9,0.84,0.9,0.7566666666666667,0.78,50
scope_hybrid_rrf_rerank_mq_jiwar,sleep_related_movement_disorders,0.5940409683426443,0.659217877094972,0.7672253258845438,0.8324022346368715,0.8314711359404098,0.8770949720670391,0.8314711359404098,0.8770949720670391,0.6958100558659218,0.5940409683426443,0.659217877094972,0.7672253258845438,0.8324022346368715,0.8314711359404098,0.8770949720670391,0.8314711359404098,0.8770949720670391,0.6958100558659218,0.797951582867784,179
scope_hybrid_rrf_rerank_mq_pageagg_jiwar,central_disorders_of_hypersomnolence,0.5935828877005348,0.6149732620320856,0.7379679144385026,0.7754010695187166,0.7540106951871658,0.7807486631016043,0.7540106951871658,0.7807486631016043,0.6646167557932263,0.5935828877005348,0.6149732620320856,0.7379679144385026,0.7754010695187166,0.7540106951871658,0.7807486631016043,0.7540106951871658,0.7807486631016043,0.6646167557932263,0.7315508021390374,187
scope_hybrid_rrf_rerank_mq_pageagg_jiwar,circadian_rhythm_sleep_wake_disorders,0.675,0.7083333333333334,0.775,0.825,0.8041666666666667,0.8416666666666667,0.8041666666666667,0.8416666666666667,0.7354166666666667,0.675,0.7083333333333334,0.775,0.825,0.8041666666666667,0.8416666666666667,0.8041666666666667,0.8416666666666667,0.7354166666666667,0.7625,120
scope_hybrid_rrf_rerank_mq_pageagg_jiwar,classification_coding,0.5,0.5,0.5,0.5,0.5,0.5,0.5,0.5,0.5,0.5,0.5,0.5,0.5,0.5,0.5,0.5,0.5,0.5,0.5,10
scope_hybrid_rrf_rerank_mq_pageagg_jiwar,insomnia_disorders,0.6241830065359477,0.6764705882352942,0.7320261437908497,0.803921568627451,0.7663398692810458,0.8137254901960784,0.7663398692810458,0.8137254901960784,0.6830065359477124,0.6241830065359477,0.6764705882352942,0.7320261437908497,0.803921568627451,0.7663398692810458,0.8137254901960784,0.7663398692810458,0.8137254901960784,0.6830065359477124,0.7483660130718954,102
scope_hybrid_rrf_rerank_mq_pageagg_jiwar,introduction,0.25,0.3,0.3,0.4,0.3,0.4,0.3,0.4,0.35,0.25,0.3,0.3,0.4,0.3,0.4,0.3,0.4,0.35,0.3,10
scope_hybrid_rrf_rerank_mq_pageagg_jiwar,other_sleep_disorders,0.6,0.8,0.85,1.0,0.95,1.0,0.95,1.0,0.7583333333333333,0.6,0.8,0.85,1.0,0.95,1.0,0.95,1.0,0.7583333333333333,0.95,10
scope_hybrid_rrf_rerank_mq_pageagg_jiwar,parasomnias,0.6359404096834265,0.659217877094972,0.8044692737430168,0.8268156424581006,0.8268156424581006,0.8435754189944135,0.8268156424581006,0.8435754189944135,0.7197392923649908,0.6359404096834265,0.659217877094972,0.8044692737430168,0.8268156424581006,0.8268156424581006,0.8435754189944135,0.8268156424581006,0.8435754189944135,0.7197392923649908,0.8007448789571695,179
scope_hybrid_rrf_rerank_mq_pageagg_jiwar,sleep_related_breathing_disorders,0.5493659420289855,0.5978260869565217,0.7477355072463768,0.7961956521739131,0.761322463768116,0.8152173913043478,0.7640398550724639,0.8152173913043478,0.6554347826086956,0.5493659420289855,0.5978260869565217,0.7477355072463768,0.7961956521739131,0.761322463768116,0.8152173913043478,0.7640398550724639,0.8152173913043478,0.6554347826086956,0.7355072463768116,368
scope_hybrid_rrf_rerank_mq_pageagg_jiwar,sleep_related_medical_neurological_disorders,0.7,0.74,0.8,0.86,0.82,0.86,0.82,0.86,0.7516666666666667,0.7,0.74,0.8,0.86,0.82,0.86,0.82,0.86,0.7516666666666667,0.78,50
scope_hybrid_rrf_rerank_mq_pageagg_jiwar,sleep_related_movement_disorders,0.5716945996275605,0.6424581005586593,0.7392923649906891,0.8268156424581006,0.7867783985102421,0.8324022346368715,0.7867783985102421,0.8324022346368715,0.6673184357541899,0.5716945996275605,0.6424581005586593,0.7392923649906891,0.8268156424581006,0.7867783985102421,0.8324022346368715,0.7867783985102421,0.8324022346368715,0.6673184357541899,0.7448789571694601,179
scope_hybrid_rrf_rerank_pageagg_jiwar,central_disorders_of_hypersomnolence,0.5614973262032086,0.5775401069518716,0.7219251336898396,0.7379679144385026,0.7352941176470589,0.7433155080213903,0.7352941176470589,0.7433155080213903,0.6385918003565063,0.5614973262032086,0.5775401069518716,0.7219251336898396,0.7379679144385026,0.7352941176470589,0.7433155080213903,0.7352941176470589,0.7433155080213903,0.6385918003565063,0.7181818181818183,187
scope_hybrid_rrf_rerank_pageagg_jiwar,circadian_rhythm_sleep_wake_disorders,0.6625,0.6916666666666667,0.7625,0.7833333333333333,0.7833333333333333,0.8083333333333333,0.7833333333333333,0.8166666666666667,0.7180555555555556,0.6625,0.6916666666666667,0.7625,0.7833333333333333,0.7833333333333333,0.8083333333333333,0.7833333333333333,0.8166666666666667,0.7180555555555556,0.7416666666666667,120
scope_hybrid_rrf_rerank_pageagg_jiwar,classification_coding,0.5,0.5,0.5,0.5,0.5,0.5,0.5,0.5,0.5,0.5,0.5,0.5,0.5,0.5,0.5,0.5,0.5,0.5,0.5,10
scope_hybrid_rrf_rerank_pageagg_jiwar,insomnia_disorders,0.6241830065359477,0.6568627450980392,0.7320261437908497,0.7843137254901961,0.7516339869281046,0.7843137254901961,0.7516339869281046,0.7843137254901961,0.6830065359477124,0.6241830065359477,0.6568627450980392,0.7320261437908497,0.7843137254901961,0.7516339869281046,0.7843137254901961,0.7516339869281046,0.7843137254901961,0.6830065359477124,0.7287581699346405,102
scope_hybrid_rrf_rerank_pageagg_jiwar,introduction,0.25,0.3,0.25,0.3,0.25,0.3,0.25,0.3,0.3,0.25,0.3,0.25,0.3,0.25,0.3,0.25,0.3,0.3,0.25,10
scope_hybrid_rrf_rerank_pageagg_jiwar,other_sleep_disorders,0.6,0.8,0.85,1.0,0.95,1.0,0.95,1.0,0.7583333333333333,0.6,0.8,0.85,1.0,0.95,1.0,0.95,1.0,0.7583333333333333,0.95,10
scope_hybrid_rrf_rerank_pageagg_jiwar,parasomnias,0.6135940409683426,0.6424581005586593,0.776536312849162,0.8044692737430168,0.7960893854748603,0.8044692737430168,0.7960893854748603,0.8044692737430168,0.6973929236499069,0.6135940409683426,0.6424581005586593,0.776536312849162,0.8044692737430168,0.7960893854748603,0.8044692737430168,0.7960893854748603,0.8044692737430168,0.6973929236499069,0.7644320297951583,179
scope_hybrid_rrf_rerank_pageagg_jiwar,sleep_related_breathing_disorders,0.5593297101449276,0.6168478260869565,0.7694746376811594,0.8233695652173914,0.7884963768115942,0.8396739130434783,0.7912137681159421,0.8396739130434783,0.6722826086956522,0.5593297101449276,0.6168478260869565,0.7694746376811594,0.8233695652173914,0.7884963768115942,0.8396739130434783,0.7912137681159421,0.8396739130434783,0.6722826086956522,0.7599637681159421,368
scope_hybrid_rrf_rerank_pageagg_jiwar,sleep_related_medical_neurological_disorders,0.68,0.72,0.84,0.88,0.86,0.9,0.86,0.9,0.7573333333333333,0.68,0.72,0.84,0.88,0.86,0.9,0.86,0.9,0.7573333333333333,0.8,50
scope_hybrid_rrf_rerank_pageagg_jiwar,sleep_related_movement_disorders,0.5772811918063314,0.6424581005586593,0.7448789571694601,0.8100558659217877,0.7811918063314712,0.8100558659217877,0.7811918063314712,0.8100558659217877,0.6710428305400372,0.5772811918063314,0.6424581005586593,0.7448789571694601,0.8100558659217877,0.7811918063314712,0.8100558659217877,0.7811918063314712,0.8100558659217877,0.6710428305400372,0.7392923649906891,179
