strategy,item_type,evidence_recall@1,page_hit@1,evidence_recall@3,page_hit@3,evidence_recall@5,page_hit@5,evidence_recall@8,page_hit@8,evidence_mrr,budgeted_evidence_recall@1,budgeted_page_hit@1,budgeted_evidence_recall@3,budgeted_page_hit@3,budgeted_evidence_recall@5,budgeted_page_hit@5,budgeted_evidence_recall@8,budgeted_page_hit@8,budgeted_evidence_mrr,anchor_evidence_recall@5,items
bm25_only,criteria_qa,0.1873156342182891,0.2831858407079646,0.3613569321533924,0.45132743362831856,0.4410029498525074,0.5309734513274337,0.551622418879056,0.6548672566371682,0.3126106194690266,0.1873156342182891,0.2831858407079646,0.3613569321533924,0.45132743362831856,0.4410029498525074,0.5309734513274337,0.551622418879056,0.6548672566371682,0.3126106194690266,0.4410029498525074,113
bm25_only,free_text_qa,0.49,0.57,0.6375,0.71,0.72375,0.8,0.775,0.8425,0.5908422619047619,0.49,0.57,0.6375,0.71,0.72375,0.8,0.775,0.8425,0.5908422619047619,0.72375,400
bm25_only,mcq,0.49620132953466284,0.5541310541310541,0.6450617283950617,0.6923076923076923,0.7117758784425451,0.7535612535612536,0.7623456790123456,0.7991452991452992,0.5953381495048161,0.49620132953466284,0.5541310541310541,0.6450617283950617,0.6923076923076923,0.7117758784425451,0.7535612535612536,0.7623456790123456,0.7991452991452992,0.5953381495048161,0.7117758784425451,702
bm25_only_jiwar,criteria_qa,0.2625368731563422,0.2920353982300885,0.45554150863885373,0.5398230088495575,0.517488411293721,0.6017699115044248,0.517488411293721,0.6017699115044248,0.3828908554572271,0.2625368731563422,0.2920353982300885,0.45554150863885373,0.5398230088495575,0.517488411293721,0.6017699115044248,0.517488411293721,0.6017699115044248,0.3828908554572271,0.4410029498525074,113
bm25_only_jiwar,free_text_qa,0.53375,0.5725,0.7025,0.77,0.735,0.8,0.735,0.8,0.6195416666666667,0.53375,0.5725,0.7025,0.77,0.735,0.8,0.735,0.8,0.6195416666666667,0.72375,400
bm25_only_jiwar,mcq,0.5429724596391263,0.5683760683760684,0.6968186134852802,0.7279202279202279,0.7374169040835707,0.7692307692307693,0.7374169040835707,0.7692307692307693,0.6273979107312441,0.5429724596391263,0.5683760683760684,0.6968186134852802,0.7279202279202279,0.7374169040835707,0.7692307692307693,0.7374169040835707,0.7692307692307693,0.6273979107312441,0.7117758784425451,702
bm25_only_mq,criteria_qa,0.1873156342182891,0.2831858407079646,0.3613569321533924,0.45132743362831856,0.4410029498525074,0.5309734513274337,0.551622418879056,0.6548672566371682,0.3126106194690266,0.1873156342182891,0.2831858407079646,0.3613569321533924,0.45132743362831856,0.4410029498525074,0.5309734513274337,0.551622418879056,0.6548672566371682,0.3126106194690266,0.4410029498525074,113
bm25_only_mq,free_text_qa,0.49,0.57,0.6375,0.71,0.72375,0.8,0.775,0.8425,0.5908422619047619,0.49,0.57,0.6375,0.71,0.72375,0.8,0.775,0.8425,0.5908422619047619,0.72375,400
bm25_only_mq,mcq,0.49620132953466284,0.5541310541310541,0.6450617283950617,0.6923076923076923,0.7117758784425451,0.7535612535612536,0.7623456790123456,0.7991452991452992,0.5953381495048161,0.49620132953466284,0.5541310541310541,0.6450617283950617,0.6923076923076923,0.7117758784425451,0.7535612535612536,0.7623456790123456,0.7991452991452992,0.5953381495048161,0.7117758784425451,702
bm25_rerank,criteria_qa,0.49380530973451325,0.5752212389380531,0.6176991150442478,0.7256637168141593,0.6619469026548672,0.7787610619469026,0.6973451327433628,0.8141592920353983,0.5902760219131901,0.49380530973451325,0.5752212389380531,0.6176991150442478,0.7256637168141593,0.6619469026548672,0.7787610619469026,0.6973451327433628,0.8141592920353983,0.5902760219131901,0.6619469026548672,113
bm25_rerank,free_text_qa,0.41,0.48,0.5875,0.6825,0.67875,0.765,0.7525,0.83,0.5264672619047619,0.41,0.48,0.5875,0.6825,0.67875,0.765,0.7525,0.83,0.5264672619047619,0.67875,400
bm25_rerank,mcq,0.39577397910731243,0.4544159544159544,0.5845204178537512,0.6595441595441596,0.6847103513770181,0.7521367521367521,0.7666191832858499,0.8376068376068376,0.5204093745760413,0.39577397910731243,0.4544159544159544,0.5845204178537512,0.6595441595441596,0.6847103513770181,0.7521367521367521,0.7666191832858499,0.8376068376068376,0.5204093745760413,0.6847103513770181,702
dense_bm25_concat,criteria_qa,0.496165191740413,0.584070796460177,0.7115044247787611,0.8230088495575221,0.7882005899705015,0.911504424778761,0.8412979351032448,0.9646017699115044,0.6459123472397809,0.496165191740413,0.584070796460177,0.7115044247787611,0.8230088495575221,0.7882005899705015,0.911504424778761,0.8412979351032448,0.9646017699115044,0.6459123472397809,0.7882005899705015,113
dense_bm25_concat,free_text_qa,0.42125,0.49,0.6725,0.7525,0.77375,0.8425,0.8225,0.885,0.5704940476190477,0.42125,0.49,0.6725,0.7525,0.77375,0.8425,0.8225,0.885,0.5704940476190477,0.77375,400
dense_bm25_concat,mcq,0.4605887939221272,0.5455840455840456,0.6747388414055081,0.7492877492877493,0.7666191832858499,0.8290598290598291,0.8276353276353277,0.8945868945868946,0.5934065934065934,0.4605887939221272,0.5455840455840456,0.6747388414055081,0.7492877492877493,0.7666191832858499,0.8290598290598291,0.8276353276353277,0.8945868945868946,0.5934065934065934,0.7666191832858499,702
dense_bm25_interleave,criteria_qa,0.496165191740413,0.584070796460177,0.7100294985250738,0.7964601769911505,0.7734513274336283,0.8672566371681416,0.8353982300884957,0.9292035398230089,0.6322587442056469,0.496165191740413,0.584070796460177,0.7100294985250738,0.7964601769911505,0.7734513274336283,0.8672566371681416,0.8353982300884957,0.9292035398230089,0.6322587442056469,0.7734513274336283,113
dense_bm25_interleave,free_text_qa,0.42125,0.49,0.73125,0.7975,0.81875,0.8825,0.8625,0.9275,0.5974702380952381,0.42125,0.49,0.73125,0.7975,0.81875,0.8825,0.8625,0.9275,0.5974702380952381,0.81875,400
dense_bm25_interleave,mcq,0.4605887939221272,0.5455840455840456,0.7241215574548907,0.7934472934472935,0.8072174738841404,0.8504273504273504,0.8649097815764482,0.9031339031339032,0.6199362366029033,0.4605887939221272,0.5455840455840456,0.7241215574548907,0.7934472934472935,0.8072174738841404,0.8504273504273504,0.8649097815764482,0.9031339031339032,0.6199362366029033,0.8072174738841404,702
dense_only,criteria_qa,0.496165191740413,0.584070796460177,0.7115044247787611,0.8230088495575221,0.7882005899705015,0.911504424778761,0.8412979351032448,0.9646017699115044,0.6459123472397809,0.496165191740413,0.584070796460177,0.7115044247787611,0.8230088495575221,0.7882005899705015,0.911504424778761,0.8412979351032448,0.9646017699115044,0.6459123472397809,0.7882005899705015,113
dense_only,free_text_qa,0.42125,0.49,0.6725,0.7525,0.77375,0.8425,0.8225,0.885,0.5704940476190477,0.42125,0.49,0.6725,0.7525,0.77375,0.8425,0.8225,0.885,0.5704940476190477,0.77375,400
dense_only,mcq,0.4605887939221272,0.5455840455840456,0.6747388414055081,0.7492877492877493,0.7666191832858499,0.8290598290598291,0.8276353276353277,0.8945868945868946,0.5934065934065934,0.4605887939221272,0.5455840455840456,0.6747388414055081,0.7492877492877493,0.7666191832858499,0.8290598290598291,0.8276353276353277,0.8945868945868946,0.5934065934065934,0.7666191832858499,702
dense_only_jiwar,criteria_qa,0.5781710914454277,0.5929203539823009,0.8023598820058997,0.8495575221238938,0.8525073746312684,0.9026548672566371,0.8525073746312684,0.9026548672566371,0.7125368731563422,0.5781710914454277,0.5929203539823009,0.8023598820058997,0.8495575221238938,0.8525073746312684,0.9026548672566371,0.8525073746312684,0.9026548672566371,0.7125368731563422,0.7882005899705015,113
dense_only_jiwar,free_text_qa,0.475,0.5,0.71625,0.7725,0.78625,0.8425,0.79,0.845,0.6067083333333333,0.475,0.5,0.71625,0.7725,0.78625,0.8425,0.79,0.845,0.6067083333333333,0.77375,400
dense_only_jiwar,mcq,0.5223171889838557,0.5612535612535613,0.7478632478632479,0.782051282051282,0.792022792022792,0.8276353276353277,0.7977207977207977,0.8333333333333334,0.6403981820648487,0.5223171889838557,0.5612535612535613,0.7478632478632479,0.782051282051282,0.792022792022792,0.8276353276353277,0.7977207977207977,0.8333333333333334,0.6403981820648487,0.7666191832858499,702
dense_only_mq,criteria_qa,0.496165191740413,0.584070796460177,0.7115044247787611,0.8230088495575221,0.7882005899705015,0.911504424778761,0.8412979351032448,0.9646017699115044,0.6459123472397809,0.496165191740413,0.584070796460177,0.7115044247787611,0.8230088495575221,0.7882005899705015,0.911504424778761,0.8412979351032448,0.9646017699115044,0.6459123472397809,0.7882005899705015,113
dense_only_mq,free_text_qa,0.42125,0.49,0.6725,0.7525,0.77375,0.8425,0.8225,0.885,0.5704940476190477,0.42125,0.49,0.6725,0.7525,0.77375,0.8425,0.8225,0.885,0.5704940476190477,0.77375,400
dense_only_mq,mcq,0.4605887939221272,0.5455840455840456,0.6747388414055081,0.7492877492877493,0.7666191832858499,0.8290598290598291,0.8276353276353277,0.8945868945868946,0.5934065934065934,0.4605887939221272,0.5455840455840456,0.6747388414055081,0.7492877492877493,0.7666191832858499,0.8290598290598291,0.8276353276353277,0.8945868945868946,0.5934065934065934,0.7666191832858499,702
dense_raw,criteria_qa,0.5109144542772861,0.6017699115044248,0.7439528023598819,0.8584070796460177,0.7985250737463127,0.9292035398230089,0.8516224188790561,0.9734513274336283,0.663685208596713,0.5109144542772861,0.6017699115044248,0.7439528023598819,0.8584070796460177,0.7985250737463127,0.9292035398230089,0.8516224188790561,0.9734513274336283,0.663685208596713,0.7985250737463127,113
dense_raw,free_text_qa,0.50625,0.595,0.725,0.8,0.80625,0.8725,0.86,0.915,0.6425863095238096,0.50625,0.595,0.725,0.8,0.80625,0.8725,0.86,0.915,0.6425863095238096,0.80625,400
dense_raw,mcq,0.5118708452041785,0.6011396011396012,0.7374169040835707,0.8133903133903134,0.8193257359924027,0.8874643874643875,0.8663342830009496,0.9202279202279202,0.6479717813051146,0.5118708452041785,0.6011396011396012,0.7374169040835707,0.8133903133903134,0.8193257359924027,0.8874643874643875,0.8663342830009496,0.9202279202279202,0.6479717813051146,0.8193257359924027,702
dense_rerank,criteria_qa,0.5070796460176991,0.6017699115044248,0.6855457227138643,0.7964601769911505,0.7607669616519174,0.8672566371681416,0.8309734513274337,0.9380530973451328,0.6491466498103666,0.5070796460176991,0.6017699115044248,0.6855457227138643,0.7964601769911505,0.7607669616519174,0.8672566371681416,0.8309734513274337,0.9380530973451328,0.6491466498103666,0.7607669616519174,113
dense_rerank,free_text_qa,0.3575,0.4275,0.53875,0.615,0.62625,0.695,0.71625,0.8,0.4760267857142857,0.3575,0.4275,0.53875,0.615,0.62625,0.695,0.71625,0.8,0.4760267857142857,0.62625,400
dense_rerank,mcq,0.36158594491927826,0.40883190883190884,0.4997625830959164,0.5726495726495726,0.5909306742640076,0.6723646723646723,0.7003798670465338,0.7763532763532763,0.465350698684032,0.36158594491927826,0.40883190883190884,0.4997625830959164,0.5726495726495726,0.5909306742640076,0.6723646723646723,0.7003798670465338,0.7763532763532763,0.465350698684032,0.5909306742640076,702
hybrid_rrf,criteria_qa,0.3480825958702065,0.4336283185840708,0.5825958702064896,0.6814159292035398,0.6445427728613569,0.7876106194690266,0.7442477876106194,0.8672566371681416,0.512126000842815,0.3480825958702065,0.4336283185840708,0.5825958702064896,0.6814159292035398,0.6445427728613569,0.7876106194690266,0.7442477876106194,0.8672566371681416,0.512126000842815,0.6445427728613569,113
hybrid_rrf,free_text_qa,0.55375,0.64,0.7575,0.825,0.8075,0.8725,0.84875,0.905,0.670514880952381,0.55375,0.64,0.7575,0.825,0.8075,0.8725,0.84875,0.905,0.670514880952381,0.8075,400
hybrid_rrf,mcq,0.5695631528964862,0.6396011396011396,0.7469135802469137,0.7891737891737892,0.8081671415004749,0.8518518518518519,0.852326685660019,0.896011396011396,0.6786528286528286,0.5695631528964862,0.6396011396011396,0.7469135802469137,0.7891737891737892,0.8081671415004749,0.8518518518518519,0.852326685660019,0.896011396011396,0.6786528286528286,0.8081671415004749,702
hybrid_rrf_jiwar,criteria_qa,0.41276864728192164,0.4690265486725664,0.6517067003792667,0.7610619469026548,0.6959544879898862,0.8230088495575221,0.7136536030341339,0.8407079646017699,0.5651917404129794,0.41276864728192164,0.4690265486725664,0.6517067003792667,0.7610619469026548,0.6959544879898862,0.8230088495575221,0.7136536030341339,0.8407079646017699,0.5651917404129794,0.6445427728613569,113
hybrid_rrf_jiwar,free_text_qa,0.60375,0.655,0.79625,0.8525,0.81875,0.875,0.81875,0.875,0.7013333333333334,0.60375,0.655,0.79625,0.8525,0.81875,0.875,0.81875,0.875,0.7013333333333334,0.8075,400
hybrid_rrf_jiwar,mcq,0.6341405508072175,0.6609686609686609,0.7901234567901234,0.8190883190883191,0.8228869895536561,0.8561253561253561,0.8271604938271604,0.8603988603988604,0.7195156695156696,0.6341405508072175,0.6609686609686609,0.7901234567901234,0.8190883190883191,0.8228869895536561,0.8561253561253561,0.8271604938271604,0.8603988603988604,0.7195156695156696,0.8081671415004749,702
hybrid_rrf_mq,criteria_qa,0.336283185840708,0.40707964601769914,0.4663716814159292,0.5752212389380531,0.5619469026548672,0.6902654867256637,0.6973451327433628,0.8230088495575221,0.4514433206911083,0.336283185840708,0.40707964601769914,0.4663716814159292,0.5752212389380531,0.5619469026548672,0.6902654867256637,0.6973451327433628,0.8230088495575221,0.4514433206911083,0.5619469026548672,113
hybrid_rrf_mq,free_text_qa,0.38125,0.49,0.60875,0.715,0.69375,0.795,0.78,0.86,0.5191636904761905,0.38125,0.49,0.60875,0.715,0.69375,0.795,0.78,0.86,0.5191636904761905,0.69375,400
hybrid_rrf_mq,mcq,0.39719848053181384,0.4985754985754986,0.6137226970560303,0.7051282051282052,0.7020417853751186,0.7806267806267806,0.7917853751187085,0.8675213675213675,0.5347849681183015,0.39719848053181384,0.4985754985754986,0.6137226970560303,0.7051282051282052,0.7020417853751186,0.7806267806267806,0.7917853751187085,0.8675213675213675,0.5347849681183015,0.7020417853751186,702
hybrid_rrf_no_terms,criteria_qa,0.3480825958702065,0.4424778761061947,0.5914454277286135,0.6902654867256637,0.635693215339233,0.7699115044247787,0.7442477876106194,0.8672566371681416,0.5136009270965023,0.3480825958702065,0.4424778761061947,0.5914454277286135,0.6902654867256637,0.635693215339233,0.7699115044247787,0.7442477876106194,0.8672566371681416,0.5136009270965023,0.635693215339233,113
hybrid_rrf_no_terms,free_text_qa,0.56,0.64,0.7575,0.825,0.81,0.875,0.85875,0.9125,0.6770029761904762,0.56,0.64,0.7575,0.825,0.81,0.875,0.85875,0.9125,0.6770029761904762,0.81,400
hybrid_rrf_no_terms,mcq,0.5738366571699904,0.6424501424501424,0.7533238366571701,0.792022792022792,0.8124406457739791,0.8561253561253561,0.857312440645774,0.8974358974358975,0.6840235381902048,0.5738366571699904,0.6424501424501424,0.7533238366571701,0.792022792022792,0.8124406457739791,0.8561253561253561,0.857312440645774,0.8974358974358975,0.6840235381902048,0.8124406457739791,702
hybrid_rrf_rerank,criteria_qa,0.515929203539823,0.6106194690265486,0.6943952802359882,0.8053097345132744,0.7696165191740413,0.8849557522123894,0.8309734513274337,0.9557522123893806,0.6574694479561736,0.515929203539823,0.6106194690265486,0.6943952802359882,0.8053097345132744,0.7696165191740413,0.8849557522123894,0.8309734513274337,0.9557522123893806,0.6574694479561736,0.7696165191740413,113
hybrid_rrf_rerank,free_text_qa,0.3675,0.44,0.55125,0.6175,0.64625,0.715,0.74375,0.825,0.48944940476190474,0.3675,0.44,0.55125,0.6175,0.64625,0.715,0.74375,0.825,0.48944940476190474,0.64625,400
hybrid_rrf_rerank,mcq,0.36087369420702753,0.40883190883190884,0.5275403608736942,0.6011396011396012,0.6170465337132004,0.698005698005698,0.7210351377018044,0.7962962962962963,0.4774233482566816,0.36087369420702753,0.40883190883190884,0.5275403608736942,0.6011396011396012,0.6170465337132004,0.698005698005698,0.7210351377018044,0.7962962962962963,0.4774233482566816,0.6170465337132004,702
hybrid_rrf_rerank_jiwar,criteria_qa,0.5929203539823009,0.6106194690265486,0.7861356932153392,0.8407079646017699,0.803834808259587,0.8584070796460177,0.803834808259587,0.8584070796460177,0.7050147492625369,0.5929203539823009,0.6106194690265486,0.7861356932153392,0.8407079646017699,0.803834808259587,0.8584070796460177,0.803834808259587,0.8584070796460177,0.7050147492625369,0.7696165191740413,113
hybrid_rrf_rerank_jiwar,free_text_qa,0.41,0.4525,0.58625,0.6375,0.64875,0.6975,0.66,0.71,0.5066904761904761,0.41,0.4525,0.58625,0.6375,0.64875,0.6975,0.66,0.71,0.5066904761904761,0.64625,400
hybrid_rrf_rerank_jiwar,mcq,0.3912630579297246,0.4202279202279202,0.563627730294397,0.6210826210826211,0.6213200379867047,0.6866096866096866,0.6355650522317189,0.6965811965811965,0.48959435626102293,0.3912630579297246,0.4202279202279202,0.563627730294397,0.6210826210826211,0.6213200379867047,0.6866096866096866,0.6355650522317189,0.6965811965811965,0.48959435626102293,0.6170465337132004,702
hybrid_rrf_rerank_mq,criteria_qa,0.4982300884955752,0.5929203539823009,0.6766961651917405,0.7876106194690266,0.7342182890855458,0.8495575221238938,0.804424778761062,0.9026548672566371,0.6363990729034977,0.4982300884955752,0.5929203539823009,0.6766961651917405,0.7876106194690266,0.7342182890855458,0.8495575221238938,0.804424778761062,0.9026548672566371,0.6363990729034977,0.7342182890855458,113
hybrid_rrf_rerank_mq,free_text_qa,0.33875,0.3975,0.48625,0.5575,0.5775,0.6425,0.6925,0.7575,0.44568154761904766,0.33875,0.3975,0.48625,0.5575,0.5775,0.6425,0.6925,0.7575,0.44568154761904766,0.5775,400
hybrid_rrf_rerank_mq,mcq,0.3273979107312441,0.36752136752136755,0.46201329534662866,0.5284900284900285,0.5595916429249762,0.6353276353276354,0.6718898385565053,0.7549857549857549,0.4296262379595713,0.3273979107312441,0.36752136752136755,0.46201329534662866,0.5284900284900285,0.5595916429249762,0.6353276353276354,0.6718898385565053,0.7549857549857549,0.4296262379595713,0.5595916429249762,702
hybrid_rrf_rerank_mq_jiwar,criteria_qa,0.5752212389380531,0.5929203539823009,0.7595870206489675,0.8053097345132744,0.7772861356932153,0.8230088495575221,0.7861356932153392,0.831858407079646,0.685630004214075,0.5752212389380531,0.5929203539823009,0.7595870206489675,0.8053097345132744,0.7772861356932153,0.8230088495575221,0.7861356932153392,0.831858407079646,0.685630004214075,0.7342182890855458,113
hybrid_rrf_rerank_mq_jiwar,free_text_qa,0.375,0.4075,0.5275,0.58,0.59625,0.6425,0.6325,0.68,0.46395833333333336,0.375,0.4075,0.5275,0.58,0.59625,0.6425,0.6325,0.68,0.46395833333333336,0.5775,400
hybrid_rrf_rerank_mq_jiwar,mcq,0.35208926875593544,0.3789173789173789,0.49810066476733145,0.5455840455840456,0.5792972459639126,0.6353276353276354,0.6355650522317189,0.698005698005698,0.44779880613213946,0.35208926875593544,0.3789173789173789,0.49810066476733145,0.5455840455840456,0.5792972459639126,0.6353276353276354,0.6355650522317189,0.698005698005698,0.44779880613213946,0.5595916429249762,702
hybrid_rrf_rerank_mq_pageagg,criteria_qa,0.5070796460176991,0.6106194690265486,0.6545722713864307,0.7610619469026548,0.7209439528023599,0.7964601769911505,0.740117994100295,0.7964601769911505,0.6252212389380531,0.5070796460176991,0.6106194690265486,0.6545722713864307,0.7610619469026548,0.7209439528023599,0.7964601769911505,0.740117994100295,0.7964601769911505,0.6252212389380531,0.7209439528023599,113
hybrid_rrf_rerank_mq_pageagg,free_text_qa,0.33,0.3875,0.47125,0.54,0.52,0.555,0.53375,0.555,0.4082767857142857,0.33,0.3875,0.47125,0.54,0.52,0.555,0.53375,0.555,0.4082767857142857,0.52,400
hybrid_rrf_rerank_mq_pageagg,mcq,0.305318138651472,0.34615384615384615,0.4292497625830959,0.49715099715099714,0.47886989553656223,0.5042735042735043,0.4945394112060779,0.5056980056980057,0.3771401438068105,0.305318138651472,0.34615384615384615,0.4292497625830959,0.49715099715099714,0.47886989553656223,0.5042735042735043,0.4945394112060779,0.5056980056980057,0.3771401438068105,0.47886989553656223,702
hybrid_rrf_rerank_pageagg,criteria_qa,0.5218289085545723,0.6106194690265486,0.6324483775811209,0.7345132743362832,0.684070796460177,0.7610619469026548,0.7135693215339234,0.7610619469026548,0.6225031605562579,0.5218289085545723,0.6106194690265486,0.6324483775811209,0.7345132743362832,0.684070796460177,0.7610619469026548,0.7135693215339234,0.7610619469026548,0.6225031605562579,0.684070796460177,113
hybrid_rrf_rerank_pageagg,free_text_qa,0.3675,0.44,0.53125,0.5975,0.58,0.62,0.5925,0.62,0.45940476190476187,0.3675,0.44,0.53125,0.5975,0.58,0.62,0.5925,0.62,0.45940476190476187,0.58,400
hybrid_rrf_rerank_pageagg,mcq,0.3416429249762583,0.3903133903133903,0.4819563152896486,0.5598290598290598,0.5372744539411206,0.5726495726495726,0.5614909781576448,0.5726495726495726,0.4291056166056166,0.3416429249762583,0.3903133903133903,0.4819563152896486,0.5598290598290598,0.5372744539411206,0.5726495726495726,0.5614909781576448,0.5726495726495726,0.4291056166056166,0.5372744539411206,702
hybrid_rrf_rerank_pageagg_jiwar,criteria_qa,0.5914454277286135,0.6106194690265486,0.7138643067846608,0.7610619469026548,0.7227138643067847,0.7610619469026548,0.7227138643067847,0.7610619469026548,0.6688790560471976,0.5914454277286135,0.6106194690265486,0.7138643067846608,0.7610619469026548,0.7227138643067847,0.7610619469026548,0.7227138643067847,0.7610619469026548,0.6688790560471976,0.684070796460177,113
hybrid_rrf_rerank_pageagg_jiwar,free_text_qa,0.405,0.4475,0.56625,0.62,0.59,0.625,0.59,0.625,0.4850833333333333,0.405,0.4475,0.56625,0.62,0.59,0.625,0.59,0.625,0.4850833333333333,0.58,400
hybrid_rrf_rerank_pageagg_jiwar,mcq,0.3727445394112061,0.4017094017094017,0.5130579297245964,0.5769230769230769,0.5515194681861348,0.5797720797720798,0.5543684710351378,0.5797720797720798,0.45194681861348523,0.3727445394112061,0.4017094017094017,0.5130579297245964,0.5769230769230769,0.5515194681861348,0.5797720797720798,0.5543684710351378,0.5797720797720798,0.45194681861348523,0.5372744539411206,702
scope_bm25_only,criteria_qa,0.19469026548672566,0.2920353982300885,0.35545722713864303,0.46017699115044247,0.46165191740412975,0.5752212389380531,0.5589970501474926,0.6902654867256637,0.3250105351875263,0.19469026548672566,0.2920353982300885,0.35545722713864303,0.46017699115044247,0.46165191740412975,0.5752212389380531,0.5589970501474926,0.6902654867256637,0.3250105351875263,0.46165191740412975,113
scope_bm25_only,free_text_qa,0.51,0.595,0.65875,0.7325,0.74125,0.81,0.7825,0.85,0.6089345238095238,0.51,0.595,0.65875,0.7325,0.74125,0.81,0.7825,0.85,0.6089345238095238,0.74125,400
scope_bm25_only,mcq,0.5075973409306742,0.5612535612535613,0.6557454890788224,0.7022792022792023,0.7098765432098765,0.7564102564102564,0.7602089268755935,0.8034188034188035,0.6012328720662055,0.5075973409306742,0.5612535612535613,0.6557454890788224,0.7022792022792023,0.7098765432098765,0.7564102564102564,0.7602089268755935,0.8034188034188035,0.6012328720662055,0.7098765432098765,702
scope_dense_only,criteria_qa,0.5746312684365782,0.6637168141592921,0.7528023598820058,0.8584070796460177,0.8058997050147493,0.9292035398230089,0.8309734513274337,0.9469026548672567,0.6992836072482089,0.5746312684365782,0.6637168141592921,0.7528023598820058,0.8584070796460177,0.8058997050147493,0.9292035398230089,0.8309734513274337,0.9469026548672567,0.6992836072482089,0.8058997050147493,113
scope_dense_only,free_text_qa,0.495,0.585,0.6975,0.785,0.78125,0.855,0.85625,0.9025,0.6253660714285715,0.495,0.585,0.6975,0.785,0.78125,0.855,0.85625,0.9025,0.6253660714285715,0.78125,400
scope_dense_only,mcq,0.5189933523266856,0.6153846153846154,0.7397910731244065,0.7962962962962963,0.8138651471984806,0.8689458689458689,0.8608736942070276,0.9017094017094017,0.6507139465472799,0.5189933523266856,0.6153846153846154,0.7397910731244065,0.7962962962962963,0.8138651471984806,0.8689458689458689,0.8608736942070276,0.9017094017094017,0.6507139465472799,0.8138651471984806,702
scope_hybrid_rrf,criteria_qa,0.37905604719764013,0.48672566371681414,0.5663716814159292,0.6991150442477876,0.6401179941002949,0.7876106194690266,0.7498525073746313,0.8672566371681416,0.5314896755162242,0.37905604719764013,0.48672566371681414,0.5663716814159292,0.6991150442477876,0.6401179941002949,0.7876106194690266,0.7498525073746313,0.8672566371681416,0.5314896755162242,0.6401179941002949,113
scope_hybrid_rrf,free_text_qa,0.54125,0.6375,0.76125,0.83,0.81125,0.8775,0.84,0.9075,0.6648660714285713,0.54125,0.6375,0.76125,0.83,0.81125,0.8775,0.84,0.9075,0.6648660714285713,0.81125,400
scope_hybrid_rrf,mcq,0.5795346628679962,0.6652421652421653,0.7554605887939222,0.8005698005698005,0.8245489078822412,0.8675213675213675,0.8544634377967711,0.8974358974358975,0.6863366571699905,0.5795346628679962,0.6652421652421653,0.7554605887939222,0.8005698005698005,0.8245489078822412,0.8675213675213675,0.8544634377967711,0.8974358974358975,0.6863366571699905,0.8245489078822412,702
scope_hybrid_rrf_rerank,criteria_qa,0.5094395280235988,0.6106194690265486,0.7528023598820058,0.8495575221238938,0.8221238938053098,0.9203539823008849,0.8575221238938053,0.9646017699115044,0.676559207753898,0.5094395280235988,0.6106194690265486,0.7528023598820058,0.8495575221238938,0.8221238938053098,0.9203539823008849,0.8575221238938053,0.9646017699115044,0.676559207753898,0.8221238938053098,113
scope_hybrid_rrf_rerank,free_text_qa,0.5575,0.635,0.705,0.7875,0.79375,0.8675,0.85375,0.9075,0.6639672619047619,0.5575,0.635,0.705,0.7875,0.79375,0.8675,0.85375,0.9075,0.6639672619047619,0.79375,400
scope_hybrid_rrf_rerank,mcq,0.5246913580246914,0.6210826210826211,0.7248338081671415,0.7977207977207977,0.7953466286799621,0.8561253561253561,0.8606362773029439,0.905982905982906,0.6497507122507122,0.5246913580246914,0.6210826210826211,0.7248338081671415,0.7977207977207977,0.7953466286799621,0.8561253561253561,0.8606362773029439,0.905982905982906,0.6497507122507122,0.7953466286799621,702
scope_hybrid_rrf_rerank_jiwar,criteria_qa,0.5648967551622419,0.6283185840707964,0.8466076696165192,0.8849557522123894,0.8805309734513275,0.911504424778761,0.8805309734513275,0.911504424778761,0.7237463126843657,0.5648967551622419,0.6283185840707964,0.8466076696165192,0.8849557522123894,0.8805309734513275,0.911504424778761,0.8805309734513275,0.911504424778761,0.7237463126843657,0.8221238938053098,113
scope_hybrid_rrf_rerank_jiwar,free_text_qa,0.60375,0.6525,0.765,0.8075,0.8225,0.855,0.8225,0.855,0.6965,0.60375,0.6525,0.765,0.8075,0.8225,0.855,0.8225,0.855,0.6965,0.79375,400
scope_hybrid_rrf_rerank_jiwar,mcq,0.5935422602089269,0.6253561253561254,0.773741690408357,0.8133903133903134,0.8186134852801519,0.8589743589743589,0.8214624881291548,0.8589743589743589,0.693755935422602,0.5935422602089269,0.6253561253561254,0.773741690408357,0.8133903133903134,0.8186134852801519,0.8589743589743589,0.8214624881291548,0.8589743589743589,0.693755935422602,0.7953466286799621,702
scope_hybrid_rrf_rerank_mq,criteria_qa,0.5271386430678466,0.6106194690265486,0.7572271386430678,0.8495575221238938,0.8309734513274337,0.9203539823008849,0.8575221238938053,0.9646017699115044,0.6831226295828066,0.5271386430678466,0.6106194690265486,0.7572271386430678,0.8495575221238938,0.8309734513274337,0.9203539823008849,0.8575221238938053,0.9646017699115044,0.6831226295828066,0.8309734513274337,113
scope_hybrid_rrf_rerank_mq,free_text_qa,0.57,0.645,0.71125,0.8,0.79625,0.8675,0.85875,0.92,0.6720386904761905,0.57,0.645,0.71125,0.8,0.79625,0.8675,0.85875,0.92,0.6720386904761905,0.79625,400
scope_hybrid_rrf_rerank_mq,mcq,0.540360873694207,0.6396011396011396,0.7355175688509022,0.8048433048433048,0.7946343779677113,0.8589743589743589,0.8570750237416903,0.9102564102564102,0.6594339302672636,0.540360873694207,0.6396011396011396,0.7355175688509022,0.8048433048433048,0.7946343779677113,0.8589743589743589,0.8570750237416903,0.9102564102564102,0.6594339302672636,0.7946343779677113,702
scope_hybrid_rrf_rerank_mq_jiwar,criteria_qa,0.5825958702064896,0.6283185840707964,0.8466076696165192,0.8761061946902655,0.8761061946902655,0.9026548672566371,0.8761061946902655,0.9026548672566371,0.7289085545722713,0.5825958702064896,0.6283185840707964,0.8466076696165192,0.8761061946902655,0.8761061946902655,0.9026548672566371,0.8761061946902655,0.9026548672566371,0.7289085545722713,0.8309734513274337,113
scope_hybrid_rrf_rerank_mq_jiwar,free_text_qa,0.61625,0.6625,0.77375,0.8275,0.82875,0.8725,0.82875,0.8725,0.7041249999999999,0.61625,0.6625,0.77375,0.8275,0.82875,0.8725,0.82875,0.8725,0.7041249999999999,0.79625,400
scope_hybrid_rrf_rerank_mq_jiwar,mcq,0.6134852801519468,0.6452991452991453,0.7780151946818613,0.8190883190883191,0.820750237416904,0.8660968660968661,0.820750237416904,0.8689458689458689,0.7040598290598291,0.6134852801519468,0.6452991452991453,0.7780151946818613,0.8190883190883191,0.820750237416904,0.8660968660968661,0.820750237416904,0.8689458689458689,0.7040598290598291,0.7946343779677113,702
scope_hybrid_rrf_rerank_mq_pageagg_jiwar,criteria_qa,0.56047197640118,0.6194690265486725,0.8053097345132744,0.831858407079646,0.8097345132743363,0.831858407079646,0.8097345132743363,0.831858407079646,0.6902654867256637,0.56047197640118,0.6194690265486725,0.8053097345132744,0.831858407079646,0.8097345132743363,0.831858407079646,0.8097345132743363,0.831858407079646,0.6902654867256637,0.7592920353982301,113
scope_hybrid_rrf_rerank_mq_pageagg_jiwar,free_text_qa,0.58875,0.6425,0.74125,0.8,0.75875,0.805,0.76125,0.805,0.66675,0.58875,0.6425,0.74125,0.8,0.75875,0.805,0.76125,0.805,0.66675,0.7275,400
scope_hybrid_rrf_rerank_mq_pageagg_jiwar,mcq,0.6035137701804368,0.6381766381766382,0.7495251661918328,0.801994301994302,0.7808641975308641,0.8205128205128205,0.7808641975308641,0.8205128205128205,0.6846866096866097,0.6035137701804368,0.6381766381766382,0.7495251661918328,0.801994301994302,0.7808641975308641,0.8205128205128205,0.7808641975308641,0.8205128205128205,0.6846866096866097,0.7573599240265907,702
scope_hybrid_rrf_rerank_pageagg_jiwar,criteria_qa,0.5619469026548672,0.6371681415929203,0.827433628318584,0.8584070796460177,0.831858407079646,0.8584070796460177,0.831858407079646,0.8584070796460177,0.6991150442477876,0.5619469026548672,0.6371681415929203,0.827433628318584,0.8584070796460177,0.831858407079646,0.8584070796460177,0.831858407079646,0.8584070796460177,0.6991150442477876,0.772566371681416,113
scope_hybrid_rrf_rerank_pageagg_jiwar,free_text_qa,0.58125,0.635,0.73625,0.7825,0.76125,0.7975,0.76375,0.7975,0.6632916666666666,0.58125,0.635,0.73625,0.7825,0.76125,0.7975,0.76375,0.7975,0.6632916666666666,0.73125,400
scope_hybrid_rrf_rerank_pageagg_jiwar,mcq,0.5963912630579298,0.6282051282051282,0.7502374169040835,0.792022792022792,0.7723171889838556,0.7991452991452992,0.7723171889838556,0.8005698005698005,0.6791073124406458,0.5963912630579298,0.6282051282051282,0.7502374169040835,0.792022792022792,0.7723171889838556,0.7991452991452992,0.7723171889838556,0.8005698005698005,0.6791073124406458,0.7459639126305793,702
