item_id,model_id,mode,NF4,BF16
clinical_astra_b01_001,Qwen/Qwen3.8-27B,no_rag,1.0,1.0
clinical_astra_b01_001,XHToken/Spark-X2.5-4B,no_rag,1.0,1.0
clinical_astra_b01_001,google/gemma-3-12b-it,no_rag,1.0,1.0
clinical_astra_b01_001,google/gemma-3-27b-it,no_rag,1.0,1.0
clinical_astra_b01_001,google/gemma-4-12B-it,no_rag,1.0,1.0
clinical_astra_b01_001,meta-llama/Llama-3.1-8B-Instruct,no_rag,1.0,1.0
clinical_astra_b01_001,meta-llama/Llama-3.2-1B-Instruct,no_rag,1.0,1.0
clinical_astra_b01_001,microsoft/phi-4,no_rag,1.0,1.0
clinical_astra_b01_002,Qwen/Qwen3.8-27B,no_rag,0.0,0.0
clinical_astra_b01_002,XHToken/Spark-X2.5-4B,no_rag,0.0,0.0
clinical_astra_b01_002,google/gemma-3-12b-it,no_rag,0.0,0.0
clinical_astra_b01_002,google/gemma-3-27b-it,no_rag,0.0,0.0
clinical_astra_b01_002,google/gemma-4-12B-it,no_rag,0.0,0.0
clinical_astra_b01_002,meta-llama/Llama-3.2-1B-Instruct,no_rag,0.0,0.0
clinical_astra_b01_002,microsoft/phi-4,no_rag,0.0,0.0
clinical_astra_b01_003,Qwen/Qwen3.8-27B,no_rag,1.0,1.0
clinical_astra_b01_003,google/gemma-3-12b-it,no_rag,1.0,1.0
clinical_astra_b01_003,google/gemma-3-27b-it,no_rag,1.0,1.0
clinical_astra_b01_003,google/gemma-4-12B-it,no_rag,1.0,1.0
clinical_astra_b01_003,meta-llama/Llama-3.1-8B-Instruct,no_rag,1.0,1.0
clinical_astra_b01_003,meta-llama/Llama-3.2-1B-Instruct,no_rag,1.0,1.0
clinical_astra_b01_003,microsoft/phi-4,no_rag,1.0,1.0
clinical_astra_b01_004,Qwen/Qwen3.8-27B,no_rag,1.0,1.0
clinical_astra_b01_004,XHToken/Spark-X2.5-4B,no_rag,1.0,1.0
clinical_astra_b01_004,google/gemma-3-12b-it,no_rag,1.0,1.0
clinical_astra_b01_004,google/gemma-3-27b-it,no_rag,1.0,1.0
clinical_astra_b01_004,google/gemma-4-12B-it,no_rag,1.0,1.0
clinical_astra_b01_004,meta-llama/Llama-3.1-8B-Instruct,no_rag,0.0,1.0
clinical_astra_b01_004,microsoft/phi-4,no_rag,1.0,1.0
clinical_astra_b01_005,Qwen/Qwen3.8-27B,no_rag,1.0,1.0
clinical_astra_b01_005,google/gemma-3-12b-it,no_rag,0.0,0.0
clinical_astra_b01_005,google/gemma-3-27b-it,no_rag,1.0,1.0
clinical_astra_b01_005,google/gemma-4-12B-it,no_rag,1.0,1.0
clinical_astra_b01_005,meta-llama/Llama-3.1-8B-Instruct,no_rag,1.0,1.0
clinical_astra_b01_005,meta-llama/Llama-3.2-1B-Instruct,no_rag,0.0,0.0
clinical_astra_b01_005,microsoft/phi-4,no_rag,1.0,1.0
clinical_astra_b01_006,Qwen/Qwen3.8-27B,no_rag,1.0,1.0
clinical_astra_b01_006,XHToken/Spark-X2.5-4B,no_rag,1.0,0.0
clinical_astra_b01_006,google/gemma-3-12b-it,no_rag,0.0,0.0
clinical_astra_b01_006,google/gemma-3-27b-it,no_rag,0.0,0.0
clinical_astra_b01_006,google/gemma-4-12B-it,no_rag,1.0,1.0
clinical_astra_b01_006,meta-llama/Llama-3.1-8B-Instruct,no_rag,0.0,1.0
clinical_astra_b01_006,meta-llama/Llama-3.2-1B-Instruct,no_rag,0.0,0.0
clinical_astra_b01_006,microsoft/phi-4,no_rag,1.0,1.0
clinical_astra_b01_007,Qwen/Qwen3.8-27B,no_rag,1.0,1.0
clinical_astra_b01_007,google/gemma-3-12b-it,no_rag,1.0,1.0
clinical_astra_b01_007,google/gemma-3-27b-it,no_rag,0.0,0.0
clinical_astra_b01_007,google/gemma-4-12B-it,no_rag,1.0,1.0
clinical_astra_b01_007,microsoft/phi-4,no_rag,0.0,0.0
clinical_astra_b01_008,Qwen/Qwen3.8-27B,no_rag,1.0,1.0
clinical_astra_b01_008,XHToken/Spark-X2.5-4B,no_rag,1.0,1.0
clinical_astra_b01_008,google/gemma-3-12b-it,no_rag,1.0,1.0
clinical_astra_b01_008,google/gemma-3-27b-it,no_rag,1.0,1.0
clinical_astra_b01_008,google/gemma-4-12B-it,no_rag,1.0,1.0
clinical_astra_b01_008,meta-llama/Llama-3.1-8B-Instruct,no_rag,1.0,1.0
clinical_astra_b01_008,meta-llama/Llama-3.2-1B-Instruct,no_rag,1.0,1.0
clinical_astra_b01_008,microsoft/phi-4,no_rag,1.0,1.0
clinical_astra_b01_009,Qwen/Qwen3.8-27B,no_rag,1.0,1.0
clinical_astra_b01_009,XHToken/Spark-X2.5-4B,no_rag,0.0,0.0
clinical_astra_b01_009,google/gemma-3-12b-it,no_rag,1.0,1.0
clinical_astra_b01_009,google/gemma-3-27b-it,no_rag,0.0,0.0
clinical_astra_b01_009,google/gemma-4-12B-it,no_rag,0.0,1.0
clinical_astra_b01_009,meta-llama/Llama-3.1-8B-Instruct,no_rag,0.0,0.0
clinical_astra_b01_009,meta-llama/Llama-3.2-1B-Instruct,no_rag,0.0,0.0
clinical_astra_b01_009,microsoft/phi-4,no_rag,0.0,0.0
clinical_astra_b01_010,Qwen/Qwen3.8-27B,no_rag,1.0,1.0
clinical_astra_b01_010,google/gemma-3-12b-it,no_rag,1.0,1.0
clinical_astra_b01_010,google/gemma-3-27b-it,no_rag,1.0,1.0
clinical_astra_b01_010,google/gemma-4-12B-it,no_rag,1.0,1.0
clinical_astra_b01_010,meta-llama/Llama-3.1-8B-Instruct,no_rag,1.0,1.0
clinical_astra_b01_010,meta-llama/Llama-3.2-1B-Instruct,no_rag,0.0,0.0
clinical_astra_b01_010,microsoft/phi-4,no_rag,1.0,1.0
clinical_astra_b01_011,Qwen/Qwen3.8-27B,no_rag,1.0,1.0
clinical_astra_b01_011,XHToken/Spark-X2.5-4B,no_rag,0.0,0.0
clinical_astra_b01_011,google/gemma-3-12b-it,no_rag,1.0,1.0
clinical_astra_b01_011,google/gemma-3-27b-it,no_rag,1.0,1.0
clinical_astra_b01_011,meta-llama/Llama-3.1-8B-Instruct,no_rag,1.0,1.0
clinical_astra_b01_011,meta-llama/Llama-3.2-1B-Instruct,no_rag,0.0,0.0
clinical_astra_b01_011,microsoft/phi-4,no_rag,1.0,1.0
clinical_astra_b01_012,Qwen/Qwen3.8-27B,no_rag,1.0,1.0
clinical_astra_b01_012,XHToken/Spark-X2.5-4B,no_rag,1.0,1.0
clinical_astra_b01_012,google/gemma-3-12b-it,no_rag,1.0,1.0
clinical_astra_b01_012,google/gemma-3-27b-it,no_rag,0.0,0.0
clinical_astra_b01_012,google/gemma-4-12B-it,no_rag,1.0,1.0
clinical_astra_b01_012,meta-llama/Llama-3.1-8B-Instruct,no_rag,0.0,1.0
clinical_astra_b01_012,meta-llama/Llama-3.2-1B-Instruct,no_rag,0.0,0.0
clinical_astra_b01_013,google/gemma-3-12b-it,no_rag,1.0,1.0
clinical_astra_b01_013,google/gemma-3-27b-it,no_rag,1.0,1.0
clinical_astra_b01_014,Qwen/Qwen3.8-27B,no_rag,1.0,1.0
clinical_astra_b01_014,XHToken/Spark-X2.5-4B,no_rag,1.0,1.0
clinical_astra_b01_014,google/gemma-3-12b-it,no_rag,1.0,1.0
clinical_astra_b01_014,google/gemma-3-27b-it,no_rag,1.0,0.0
clinical_astra_b01_014,google/gemma-4-12B-it,no_rag,1.0,1.0
clinical_astra_b01_014,meta-llama/Llama-3.1-8B-Instruct,no_rag,0.0,0.0
clinical_astra_b01_014,microsoft/phi-4,no_rag,1.0,1.0
clinical_astra_b01_015,XHToken/Spark-X2.5-4B,no_rag,0.0,0.0
clinical_astra_b01_015,google/gemma-3-12b-it,no_rag,1.0,0.0
clinical_astra_b01_015,google/gemma-3-27b-it,no_rag,0.0,0.0
clinical_astra_b01_015,google/gemma-4-12B-it,no_rag,1.0,1.0
clinical_astra_b01_015,meta-llama/Llama-3.1-8B-Instruct,no_rag,0.0,1.0
clinical_astra_b01_015,microsoft/phi-4,no_rag,0.0,0.0
clinical_astra_b01_016,XHToken/Spark-X2.5-4B,no_rag,0.0,0.0
clinical_astra_b01_016,google/gemma-3-12b-it,no_rag,0.0,0.0
clinical_astra_b01_016,google/gemma-3-27b-it,no_rag,0.0,0.0
clinical_astra_b01_016,google/gemma-4-12B-it,no_rag,0.0,0.0
clinical_astra_b01_016,meta-llama/Llama-3.1-8B-Instruct,no_rag,0.0,0.0
clinical_astra_b01_016,meta-llama/Llama-3.2-1B-Instruct,no_rag,0.0,0.0
clinical_astra_b01_016,microsoft/phi-4,no_rag,0.0,0.0
clinical_astra_b01_017,Qwen/Qwen3.8-27B,no_rag,1.0,1.0
clinical_astra_b01_017,XHToken/Spark-X2.5-4B,no_rag,1.0,1.0
clinical_astra_b01_017,google/gemma-3-12b-it,no_rag,1.0,1.0
clinical_astra_b01_017,google/gemma-3-27b-it,no_rag,1.0,1.0
clinical_astra_b01_017,google/gemma-4-12B-it,no_rag,1.0,1.0
clinical_astra_b01_017,meta-llama/Llama-3.1-8B-Instruct,no_rag,1.0,1.0
clinical_astra_b01_017,meta-llama/Llama-3.2-1B-Instruct,no_rag,1.0,1.0
clinical_astra_b01_017,microsoft/phi-4,no_rag,1.0,1.0
clinical_astra_b01_018,Qwen/Qwen3.8-27B,no_rag,1.0,1.0
clinical_astra_b01_018,XHToken/Spark-X2.5-4B,no_rag,1.0,1.0
clinical_astra_b01_018,google/gemma-3-12b-it,no_rag,1.0,1.0
clinical_astra_b01_018,google/gemma-3-27b-it,no_rag,1.0,1.0
clinical_astra_b01_018,google/gemma-4-12B-it,no_rag,1.0,1.0
clinical_astra_b01_018,meta-llama/Llama-3.1-8B-Instruct,no_rag,1.0,1.0
clinical_astra_b01_018,microsoft/phi-4,no_rag,1.0,1.0
clinical_astra_b01_019,XHToken/Spark-X2.5-4B,no_rag,0.0,0.0
clinical_astra_b01_019,google/gemma-3-12b-it,no_rag,1.0,1.0
clinical_astra_b01_019,google/gemma-3-27b-it,no_rag,1.0,1.0
clinical_astra_b01_019,google/gemma-4-12B-it,no_rag,1.0,1.0
clinical_astra_b01_019,microsoft/phi-4,no_rag,1.0,1.0
clinical_astra_b01_020,Qwen/Qwen3.8-27B,no_rag,1.0,1.0
clinical_astra_b01_020,google/gemma-3-12b-it,no_rag,0.0,1.0
clinical_astra_b01_020,google/gemma-3-27b-it,no_rag,1.0,1.0
clinical_astra_b01_020,google/gemma-4-12B-it,no_rag,1.0,1.0
clinical_astra_b01_020,meta-llama/Llama-3.2-1B-Instruct,no_rag,0.0,0.0
clinical_astra_b02_001,Qwen/Qwen3.8-27B,no_rag,1.0,1.0
clinical_astra_b02_001,XHToken/Spark-X2.5-4B,no_rag,0.0,0.0
clinical_astra_b02_001,google/gemma-3-12b-it,no_rag,1.0,1.0
clinical_astra_b02_001,google/gemma-3-27b-it,no_rag,0.0,1.0
clinical_astra_b02_001,meta-llama/Llama-3.1-8B-Instruct,no_rag,1.0,1.0
clinical_astra_b02_001,meta-llama/Llama-3.2-1B-Instruct,no_rag,0.0,0.0
clinical_astra_b02_001,microsoft/phi-4,no_rag,1.0,1.0
clinical_astra_b02_002,google/gemma-3-12b-it,no_rag,0.0,0.0
clinical_astra_b02_002,google/gemma-4-12B-it,no_rag,0.0,1.0
clinical_astra_b02_003,Qwen/Qwen3.8-27B,no_rag,0.0,0.0
clinical_astra_b02_003,XHToken/Spark-X2.5-4B,no_rag,0.0,0.0
clinical_astra_b02_003,google/gemma-3-27b-it,no_rag,0.0,0.0
clinical_astra_b02_003,google/gemma-4-12B-it,no_rag,0.0,0.0
clinical_astra_b02_003,microsoft/phi-4,no_rag,0.0,0.0
clinical_astra_b02_004,XHToken/Spark-X2.5-4B,no_rag,0.0,0.0
clinical_astra_b02_004,google/gemma-3-12b-it,no_rag,0.0,0.0
clinical_astra_b02_004,google/gemma-3-27b-it,no_rag,0.0,0.0
clinical_astra_b02_004,google/gemma-4-12B-it,no_rag,0.0,0.0
clinical_astra_b02_004,meta-llama/Llama-3.1-8B-Instruct,no_rag,0.0,0.0
clinical_astra_b02_004,meta-llama/Llama-3.2-1B-Instruct,no_rag,0.0,0.0
clinical_astra_b02_004,microsoft/phi-4,no_rag,0.0,0.0
clinical_astra_b02_005,XHToken/Spark-X2.5-4B,no_rag,0.0,0.0
clinical_astra_b02_005,google/gemma-3-12b-it,no_rag,0.0,0.0
clinical_astra_b02_005,google/gemma-3-27b-it,no_rag,0.0,0.0
clinical_astra_b02_005,google/gemma-4-12B-it,no_rag,0.0,0.0
clinical_astra_b02_005,meta-llama/Llama-3.1-8B-Instruct,no_rag,0.0,0.0
clinical_astra_b02_005,meta-llama/Llama-3.2-1B-Instruct,no_rag,0.0,0.0
clinical_astra_b02_005,microsoft/phi-4,no_rag,0.0,0.0
clinical_astra_b02_006,XHToken/Spark-X2.5-4B,no_rag,0.0,1.0
clinical_astra_b02_006,google/gemma-3-27b-it,no_rag,0.0,0.0
clinical_astra_b02_006,google/gemma-4-12B-it,no_rag,0.0,1.0
clinical_astra_b02_007,XHToken/Spark-X2.5-4B,no_rag,0.0,0.0
clinical_astra_b02_007,google/gemma-3-12b-it,no_rag,0.0,0.0
clinical_astra_b02_007,google/gemma-3-27b-it,no_rag,0.0,1.0
clinical_astra_b02_007,meta-llama/Llama-3.2-1B-Instruct,no_rag,0.0,0.0
clinical_astra_b02_008,XHToken/Spark-X2.5-4B,no_rag,0.0,0.0
clinical_astra_b02_008,google/gemma-3-12b-it,no_rag,1.0,1.0
clinical_astra_b02_008,google/gemma-3-27b-it,no_rag,1.0,1.0
clinical_astra_b02_008,google/gemma-4-12B-it,no_rag,1.0,1.0
clinical_astra_b02_008,meta-llama/Llama-3.1-8B-Instruct,no_rag,1.0,1.0
clinical_astra_b02_008,meta-llama/Llama-3.2-1B-Instruct,no_rag,0.0,0.0
clinical_astra_b02_008,microsoft/phi-4,no_rag,1.0,1.0
clinical_astra_b02_009,XHToken/Spark-X2.5-4B,no_rag,0.0,0.0
clinical_astra_b02_009,google/gemma-3-27b-it,no_rag,0.0,0.0
clinical_astra_b02_009,google/gemma-4-12B-it,no_rag,0.0,0.0
clinical_astra_b02_009,meta-llama/Llama-3.1-8B-Instruct,no_rag,0.0,0.0
clinical_astra_b02_009,meta-llama/Llama-3.2-1B-Instruct,no_rag,0.0,0.0
clinical_astra_b02_009,microsoft/phi-4,no_rag,0.0,0.0
clinical_astra_b02_010,Qwen/Qwen3.8-27B,no_rag,1.0,1.0
clinical_astra_b02_010,XHToken/Spark-X2.5-4B,no_rag,0.0,1.0
clinical_astra_b02_010,google/gemma-3-12b-it,no_rag,0.0,0.0
clinical_astra_b02_010,google/gemma-3-27b-it,no_rag,1.0,1.0
clinical_astra_b02_010,meta-llama/Llama-3.1-8B-Instruct,no_rag,0.0,1.0
clinical_astra_b02_010,meta-llama/Llama-3.2-1B-Instruct,no_rag,0.0,0.0
clinical_astra_b02_010,microsoft/phi-4,no_rag,0.0,0.0
clinical_astra_b02_011,Qwen/Qwen3.8-27B,no_rag,0.0,1.0
clinical_astra_b02_011,XHToken/Spark-X2.5-4B,no_rag,0.0,0.0
clinical_astra_b02_011,google/gemma-3-27b-it,no_rag,1.0,1.0
clinical_astra_b02_011,google/gemma-4-12B-it,no_rag,1.0,0.0
clinical_astra_b02_011,meta-llama/Llama-3.1-8B-Instruct,no_rag,0.0,0.0
clinical_astra_b02_011,meta-llama/Llama-3.2-1B-Instruct,no_rag,0.0,0.0
clinical_astra_b02_012,Qwen/Qwen3.8-27B,no_rag,1.0,1.0
clinical_astra_b02_012,XHToken/Spark-X2.5-4B,no_rag,1.0,1.0
clinical_astra_b02_012,google/gemma-3-12b-it,no_rag,1.0,1.0
clinical_astra_b02_012,google/gemma-3-27b-it,no_rag,1.0,1.0
clinical_astra_b02_012,google/gemma-4-12B-it,no_rag,1.0,1.0
clinical_astra_b02_012,meta-llama/Llama-3.1-8B-Instruct,no_rag,1.0,1.0
clinical_astra_b02_012,meta-llama/Llama-3.2-1B-Instruct,no_rag,1.0,1.0
clinical_astra_b02_012,microsoft/phi-4,no_rag,1.0,1.0
clinical_astra_b02_013,Qwen/Qwen3.8-27B,no_rag,0.0,1.0
clinical_astra_b02_013,XHToken/Spark-X2.5-4B,no_rag,0.0,0.0
clinical_astra_b02_013,google/gemma-3-12b-it,no_rag,1.0,1.0
clinical_astra_b02_013,google/gemma-3-27b-it,no_rag,1.0,1.0
clinical_astra_b02_013,google/gemma-4-12B-it,no_rag,0.0,0.0
clinical_astra_b02_013,meta-llama/Llama-3.1-8B-Instruct,no_rag,0.0,0.0
clinical_astra_b02_013,meta-llama/Llama-3.2-1B-Instruct,no_rag,0.0,0.0
clinical_astra_b02_013,microsoft/phi-4,no_rag,0.0,0.0
clinical_astra_b02_014,Qwen/Qwen3.8-27B,no_rag,1.0,1.0
clinical_astra_b02_014,google/gemma-3-12b-it,no_rag,1.0,1.0
clinical_astra_b02_014,google/gemma-3-27b-it,no_rag,1.0,1.0
clinical_astra_b02_014,google/gemma-4-12B-it,no_rag,1.0,1.0
clinical_astra_b02_014,meta-llama/Llama-3.2-1B-Instruct,no_rag,0.0,0.0
clinical_astra_b02_014,microsoft/phi-4,no_rag,1.0,1.0
clinical_astra_b02_015,Qwen/Qwen3.8-27B,no_rag,0.0,0.0
clinical_astra_b02_015,XHToken/Spark-X2.5-4B,no_rag,0.0,0.0
clinical_astra_b02_015,google/gemma-3-12b-it,no_rag,0.0,0.0
clinical_astra_b02_015,google/gemma-3-27b-it,no_rag,0.0,0.0
clinical_astra_b02_015,google/gemma-4-12B-it,no_rag,0.0,0.0
clinical_astra_b02_015,meta-llama/Llama-3.1-8B-Instruct,no_rag,0.0,0.0
clinical_astra_b02_015,microsoft/phi-4,no_rag,0.0,0.0
clinical_astra_b02_016,Qwen/Qwen3.8-27B,no_rag,1.0,1.0
clinical_astra_b02_016,XHToken/Spark-X2.5-4B,no_rag,0.0,1.0
clinical_astra_b02_016,google/gemma-3-12b-it,no_rag,1.0,1.0
clinical_astra_b02_016,google/gemma-3-27b-it,no_rag,1.0,1.0
clinical_astra_b02_016,google/gemma-4-12B-it,no_rag,1.0,1.0
clinical_astra_b02_016,meta-llama/Llama-3.1-8B-Instruct,no_rag,1.0,1.0
clinical_astra_b02_016,meta-llama/Llama-3.2-1B-Instruct,no_rag,0.0,0.0
clinical_astra_b02_016,microsoft/phi-4,no_rag,1.0,1.0
clinical_astra_b02_017,XHToken/Spark-X2.5-4B,no_rag,0.0,0.0
clinical_astra_b02_017,google/gemma-3-12b-it,no_rag,1.0,1.0
clinical_astra_b02_017,google/gemma-3-27b-it,no_rag,1.0,1.0
clinical_astra_b02_017,google/gemma-4-12B-it,no_rag,1.0,1.0
clinical_astra_b02_017,meta-llama/Llama-3.1-8B-Instruct,no_rag,1.0,1.0
clinical_astra_b02_017,meta-llama/Llama-3.2-1B-Instruct,no_rag,0.0,0.0
clinical_astra_b02_017,microsoft/phi-4,no_rag,1.0,1.0
clinical_astra_b02_018,Qwen/Qwen3.8-27B,no_rag,1.0,1.0
clinical_astra_b02_018,meta-llama/Llama-3.2-1B-Instruct,no_rag,0.0,0.0
clinical_astra_b02_018,microsoft/phi-4,no_rag,0.0,0.0
clinical_astra_b02_019,google/gemma-4-12B-it,no_rag,0.0,0.0
clinical_astra_b02_019,meta-llama/Llama-3.1-8B-Instruct,no_rag,0.0,0.0
clinical_astra_b02_019,meta-llama/Llama-3.2-1B-Instruct,no_rag,0.0,0.0
clinical_astra_b02_019,microsoft/phi-4,no_rag,0.0,1.0
clinical_astra_b02_020,Qwen/Qwen3.8-27B,no_rag,1.0,1.0
clinical_astra_b02_020,XHToken/Spark-X2.5-4B,no_rag,0.0,0.0
clinical_astra_b02_020,google/gemma-3-27b-it,no_rag,1.0,1.0
clinical_astra_b02_020,meta-llama/Llama-3.1-8B-Instruct,no_rag,0.0,1.0
clinical_astra_b02_020,microsoft/phi-4,no_rag,1.0,1.0
clinical_astra_b03_001,Qwen/Qwen3.8-27B,no_rag,0.0,0.0
clinical_astra_b03_001,google/gemma-3-12b-it,no_rag,0.0,0.0
clinical_astra_b03_001,google/gemma-3-27b-it,no_rag,0.0,0.0
clinical_astra_b03_001,google/gemma-4-12B-it,no_rag,1.0,1.0
clinical_astra_b03_001,meta-llama/Llama-3.1-8B-Instruct,no_rag,0.0,0.0
clinical_astra_b03_001,meta-llama/Llama-3.2-1B-Instruct,no_rag,0.0,0.0
clinical_astra_b03_001,microsoft/phi-4,no_rag,1.0,1.0
clinical_astra_b03_002,Qwen/Qwen3.8-27B,no_rag,1.0,1.0
clinical_astra_b03_002,XHToken/Spark-X2.5-4B,no_rag,1.0,1.0
clinical_astra_b03_002,google/gemma-3-12b-it,no_rag,1.0,1.0
clinical_astra_b03_002,google/gemma-3-27b-it,no_rag,1.0,1.0
clinical_astra_b03_002,google/gemma-4-12B-it,no_rag,1.0,1.0
clinical_astra_b03_002,meta-llama/Llama-3.1-8B-Instruct,no_rag,1.0,1.0
clinical_astra_b03_002,meta-llama/Llama-3.2-1B-Instruct,no_rag,0.0,1.0
clinical_astra_b03_002,microsoft/phi-4,no_rag,1.0,1.0
clinical_astra_b03_003,Qwen/Qwen3.8-27B,no_rag,1.0,1.0
clinical_astra_b03_003,google/gemma-3-12b-it,no_rag,1.0,1.0
clinical_astra_b03_003,google/gemma-3-27b-it,no_rag,1.0,1.0
clinical_astra_b03_003,google/gemma-4-12B-it,no_rag,1.0,1.0
clinical_astra_b03_003,meta-llama/Llama-3.1-8B-Instruct,no_rag,1.0,1.0
clinical_astra_b03_003,microsoft/phi-4,no_rag,1.0,1.0
clinical_astra_b03_004,Qwen/Qwen3.8-27B,no_rag,1.0,1.0
clinical_astra_b03_004,XHToken/Spark-X2.5-4B,no_rag,0.0,1.0
clinical_astra_b03_004,google/gemma-3-12b-it,no_rag,1.0,1.0
clinical_astra_b03_004,google/gemma-3-27b-it,no_rag,1.0,1.0
clinical_astra_b03_004,google/gemma-4-12B-it,no_rag,1.0,1.0
clinical_astra_b03_004,meta-llama/Llama-3.1-8B-Instruct,no_rag,1.0,0.0
clinical_astra_b03_004,microsoft/phi-4,no_rag,1.0,1.0
clinical_astra_b03_005,Qwen/Qwen3.8-27B,no_rag,1.0,1.0
clinical_astra_b03_005,XHToken/Spark-X2.5-4B,no_rag,0.0,0.0
clinical_astra_b03_005,google/gemma-3-12b-it,no_rag,1.0,1.0
clinical_astra_b03_005,google/gemma-3-27b-it,no_rag,1.0,1.0
clinical_astra_b03_005,google/gemma-4-12B-it,no_rag,1.0,1.0
clinical_astra_b03_005,meta-llama/Llama-3.2-1B-Instruct,no_rag,0.0,0.0
clinical_astra_b03_005,microsoft/phi-4,no_rag,1.0,1.0
clinical_astra_b03_006,Qwen/Qwen3.8-27B,no_rag,1.0,1.0
clinical_astra_b03_006,XHToken/Spark-X2.5-4B,no_rag,0.0,0.0
clinical_astra_b03_006,google/gemma-3-12b-it,no_rag,1.0,1.0
clinical_astra_b03_006,google/gemma-3-27b-it,no_rag,0.0,1.0
clinical_astra_b03_006,google/gemma-4-12B-it,no_rag,1.0,0.0
clinical_astra_b03_006,meta-llama/Llama-3.1-8B-Instruct,no_rag,1.0,1.0
clinical_astra_b03_006,meta-llama/Llama-3.2-1B-Instruct,no_rag,0.0,0.0
clinical_astra_b03_006,microsoft/phi-4,no_rag,1.0,1.0
clinical_astra_b03_007,google/gemma-3-12b-it,no_rag,1.0,0.0
clinical_astra_b03_007,google/gemma-3-27b-it,no_rag,1.0,1.0
clinical_astra_b03_007,google/gemma-4-12B-it,no_rag,1.0,1.0
clinical_astra_b03_007,meta-llama/Llama-3.1-8B-Instruct,no_rag,1.0,1.0
clinical_astra_b03_007,meta-llama/Llama-3.2-1B-Instruct,no_rag,0.0,0.0
clinical_astra_b03_008,Qwen/Qwen3.8-27B,no_rag,1.0,1.0
clinical_astra_b03_008,XHToken/Spark-X2.5-4B,no_rag,1.0,1.0
clinical_astra_b03_008,google/gemma-3-12b-it,no_rag,1.0,1.0
clinical_astra_b03_008,google/gemma-3-27b-it,no_rag,1.0,1.0
clinical_astra_b03_008,google/gemma-4-12B-it,no_rag,1.0,1.0
clinical_astra_b03_008,meta-llama/Llama-3.1-8B-Instruct,no_rag,1.0,1.0
clinical_astra_b03_008,meta-llama/Llama-3.2-1B-Instruct,no_rag,0.0,0.0
clinical_astra_b03_008,microsoft/phi-4,no_rag,1.0,1.0
clinical_astra_b03_009,Qwen/Qwen3.8-27B,no_rag,1.0,1.0
clinical_astra_b03_009,XHToken/Spark-X2.5-4B,no_rag,1.0,1.0
clinical_astra_b03_009,google/gemma-3-12b-it,no_rag,1.0,1.0
clinical_astra_b03_009,google/gemma-3-27b-it,no_rag,1.0,1.0
clinical_astra_b03_009,google/gemma-4-12B-it,no_rag,1.0,1.0
clinical_astra_b03_010,Qwen/Qwen3.8-27B,no_rag,1.0,1.0
clinical_astra_b03_010,XHToken/Spark-X2.5-4B,no_rag,1.0,1.0
clinical_astra_b03_010,google/gemma-3-12b-it,no_rag,1.0,1.0
clinical_astra_b03_010,google/gemma-3-27b-it,no_rag,0.0,1.0
clinical_astra_b03_010,google/gemma-4-12B-it,no_rag,1.0,1.0
clinical_astra_b03_010,meta-llama/Llama-3.1-8B-Instruct,no_rag,1.0,1.0
clinical_astra_b03_010,meta-llama/Llama-3.2-1B-Instruct,no_rag,0.0,0.0
clinical_astra_b03_010,microsoft/phi-4,no_rag,1.0,1.0
clinical_astra_b03_011,Qwen/Qwen3.8-27B,no_rag,1.0,1.0
clinical_astra_b03_011,XHToken/Spark-X2.5-4B,no_rag,1.0,1.0
clinical_astra_b03_011,google/gemma-4-12B-it,no_rag,1.0,1.0
clinical_astra_b03_011,meta-llama/Llama-3.1-8B-Instruct,no_rag,1.0,1.0
clinical_astra_b03_011,meta-llama/Llama-3.2-1B-Instruct,no_rag,1.0,1.0
clinical_astra_b03_011,microsoft/phi-4,no_rag,1.0,1.0
clinical_astra_b03_012,Qwen/Qwen3.8-27B,no_rag,1.0,1.0
clinical_astra_b03_012,XHToken/Spark-X2.5-4B,no_rag,1.0,1.0
clinical_astra_b03_012,google/gemma-3-12b-it,no_rag,1.0,1.0
clinical_astra_b03_012,google/gemma-3-27b-it,no_rag,1.0,1.0
clinical_astra_b03_012,google/gemma-4-12B-it,no_rag,1.0,1.0
clinical_astra_b03_012,meta-llama/Llama-3.1-8B-Instruct,no_rag,1.0,1.0
clinical_astra_b03_012,meta-llama/Llama-3.2-1B-Instruct,no_rag,0.0,0.0
clinical_astra_b03_012,microsoft/phi-4,no_rag,1.0,1.0
clinical_astra_b03_013,Qwen/Qwen3.8-27B,no_rag,1.0,1.0
clinical_astra_b03_013,google/gemma-3-12b-it,no_rag,1.0,1.0
clinical_astra_b03_013,google/gemma-3-27b-it,no_rag,1.0,1.0
clinical_astra_b03_013,google/gemma-4-12B-it,no_rag,1.0,1.0
clinical_astra_b03_013,meta-llama/Llama-3.1-8B-Instruct,no_rag,1.0,1.0
clinical_astra_b03_013,microsoft/phi-4,no_rag,1.0,1.0
clinical_astra_b03_014,Qwen/Qwen3.8-27B,no_rag,1.0,1.0
clinical_astra_b03_014,XHToken/Spark-X2.5-4B,no_rag,1.0,1.0
clinical_astra_b03_014,google/gemma-3-12b-it,no_rag,1.0,1.0
clinical_astra_b03_014,google/gemma-3-27b-it,no_rag,1.0,1.0
clinical_astra_b03_014,google/gemma-4-12B-it,no_rag,1.0,1.0
clinical_astra_b03_014,meta-llama/Llama-3.1-8B-Instruct,no_rag,1.0,1.0
clinical_astra_b03_014,meta-llama/Llama-3.2-1B-Instruct,no_rag,1.0,1.0
clinical_astra_b03_014,microsoft/phi-4,no_rag,1.0,1.0
clinical_astra_b03_015,Qwen/Qwen3.8-27B,no_rag,1.0,1.0
clinical_astra_b03_015,XHToken/Spark-X2.5-4B,no_rag,1.0,1.0
clinical_astra_b03_015,google/gemma-3-12b-it,no_rag,1.0,1.0
clinical_astra_b03_015,google/gemma-3-27b-it,no_rag,1.0,1.0
clinical_astra_b03_015,google/gemma-4-12B-it,no_rag,1.0,1.0
clinical_astra_b03_015,meta-llama/Llama-3.1-8B-Instruct,no_rag,1.0,1.0
clinical_astra_b03_015,meta-llama/Llama-3.2-1B-Instruct,no_rag,0.0,0.0
clinical_astra_b03_015,microsoft/phi-4,no_rag,1.0,1.0
clinical_astra_b03_016,Qwen/Qwen3.8-27B,no_rag,1.0,1.0
clinical_astra_b03_016,XHToken/Spark-X2.5-4B,no_rag,0.0,0.0
clinical_astra_b03_016,google/gemma-3-12b-it,no_rag,1.0,1.0
clinical_astra_b03_016,google/gemma-3-27b-it,no_rag,1.0,1.0
clinical_astra_b03_016,google/gemma-4-12B-it,no_rag,1.0,1.0
clinical_astra_b03_016,meta-llama/Llama-3.2-1B-Instruct,no_rag,0.0,0.0
clinical_astra_b03_016,microsoft/phi-4,no_rag,1.0,1.0
clinical_astra_b03_017,Qwen/Qwen3.8-27B,no_rag,1.0,1.0
clinical_astra_b03_017,XHToken/Spark-X2.5-4B,no_rag,1.0,1.0
clinical_astra_b03_017,google/gemma-3-12b-it,no_rag,1.0,1.0
clinical_astra_b03_017,google/gemma-3-27b-it,no_rag,1.0,1.0
clinical_astra_b03_017,google/gemma-4-12B-it,no_rag,1.0,1.0
clinical_astra_b03_017,meta-llama/Llama-3.1-8B-Instruct,no_rag,0.0,1.0
clinical_astra_b03_017,meta-llama/Llama-3.2-1B-Instruct,no_rag,0.0,0.0
clinical_astra_b03_017,microsoft/phi-4,no_rag,1.0,1.0
clinical_astra_b03_018,Qwen/Qwen3.8-27B,no_rag,1.0,1.0
clinical_astra_b03_018,XHToken/Spark-X2.5-4B,no_rag,1.0,1.0
clinical_astra_b03_018,google/gemma-3-12b-it,no_rag,1.0,1.0
clinical_astra_b03_018,google/gemma-3-27b-it,no_rag,1.0,1.0
clinical_astra_b03_018,google/gemma-4-12B-it,no_rag,1.0,1.0
clinical_astra_b03_018,meta-llama/Llama-3.1-8B-Instruct,no_rag,1.0,1.0
clinical_astra_b03_018,meta-llama/Llama-3.2-1B-Instruct,no_rag,1.0,1.0
clinical_astra_b03_018,microsoft/phi-4,no_rag,1.0,1.0
clinical_astra_b03_019,Qwen/Qwen3.8-27B,no_rag,1.0,1.0
clinical_astra_b03_019,XHToken/Spark-X2.5-4B,no_rag,0.0,1.0
clinical_astra_b03_019,google/gemma-3-12b-it,no_rag,1.0,1.0
clinical_astra_b03_019,google/gemma-3-27b-it,no_rag,1.0,1.0
clinical_astra_b03_019,google/gemma-4-12B-it,no_rag,1.0,1.0
clinical_astra_b03_019,meta-llama/Llama-3.1-8B-Instruct,no_rag,1.0,1.0
clinical_astra_b03_019,microsoft/phi-4,no_rag,1.0,1.0
clinical_astra_b03_020,XHToken/Spark-X2.5-4B,no_rag,0.0,0.0
clinical_astra_b03_020,google/gemma-3-12b-it,no_rag,0.0,0.0
clinical_astra_b03_020,google/gemma-4-12B-it,no_rag,0.0,0.0
clinical_astra_b03_020,meta-llama/Llama-3.1-8B-Instruct,no_rag,0.0,0.0
clinical_astra_b03_020,meta-llama/Llama-3.2-1B-Instruct,no_rag,0.0,0.0
clinical_astra_b04_001,Qwen/Qwen3.8-27B,no_rag,1.0,1.0
clinical_astra_b04_001,XHToken/Spark-X2.5-4B,no_rag,0.0,0.0
clinical_astra_b04_001,google/gemma-3-27b-it,no_rag,1.0,1.0
clinical_astra_b04_001,google/gemma-4-12B-it,no_rag,0.0,1.0
clinical_astra_b04_001,meta-llama/Llama-3.1-8B-Instruct,no_rag,0.0,0.0
clinical_astra_b04_001,meta-llama/Llama-3.2-1B-Instruct,no_rag,0.0,0.0
clinical_astra_b04_001,microsoft/phi-4,no_rag,1.0,1.0
clinical_astra_b04_002,Qwen/Qwen3.8-27B,no_rag,1.0,1.0
clinical_astra_b04_002,XHToken/Spark-X2.5-4B,no_rag,0.0,0.0
clinical_astra_b04_002,google/gemma-3-12b-it,no_rag,0.0,0.0
clinical_astra_b04_002,google/gemma-4-12B-it,no_rag,0.0,0.0
clinical_astra_b04_002,meta-llama/Llama-3.1-8B-Instruct,no_rag,0.0,0.0
clinical_astra_b04_002,meta-llama/Llama-3.2-1B-Instruct,no_rag,0.0,0.0
clinical_astra_b04_002,microsoft/phi-4,no_rag,0.0,0.0
clinical_astra_b04_003,Qwen/Qwen3.8-27B,no_rag,1.0,1.0
clinical_astra_b04_003,XHToken/Spark-X2.5-4B,no_rag,1.0,1.0
clinical_astra_b04_003,google/gemma-3-27b-it,no_rag,0.0,0.0
clinical_astra_b04_003,meta-llama/Llama-3.1-8B-Instruct,no_rag,1.0,1.0
clinical_astra_b04_003,meta-llama/Llama-3.2-1B-Instruct,no_rag,0.0,1.0
clinical_astra_b04_003,microsoft/phi-4,no_rag,1.0,1.0
clinical_astra_b04_004,Qwen/Qwen3.8-27B,no_rag,1.0,1.0
clinical_astra_b04_004,XHToken/Spark-X2.5-4B,no_rag,1.0,1.0
clinical_astra_b04_004,google/gemma-3-12b-it,no_rag,1.0,1.0
clinical_astra_b04_004,google/gemma-3-27b-it,no_rag,1.0,1.0
clinical_astra_b04_004,google/gemma-4-12B-it,no_rag,1.0,1.0
clinical_astra_b04_004,meta-llama/Llama-3.1-8B-Instruct,no_rag,1.0,1.0
clinical_astra_b04_004,meta-llama/Llama-3.2-1B-Instruct,no_rag,1.0,1.0
clinical_astra_b04_004,microsoft/phi-4,no_rag,1.0,1.0
clinical_astra_b04_005,google/gemma-3-12b-it,no_rag,1.0,1.0
clinical_astra_b04_005,google/gemma-3-27b-it,no_rag,0.0,1.0
clinical_astra_b04_005,meta-llama/Llama-3.2-1B-Instruct,no_rag,0.0,1.0
clinical_astra_b04_006,Qwen/Qwen3.8-27B,no_rag,1.0,1.0
clinical_astra_b04_006,XHToken/Spark-X2.5-4B,no_rag,0.0,0.0
clinical_astra_b04_006,google/gemma-3-12b-it,no_rag,1.0,0.0
clinical_astra_b04_006,google/gemma-4-12B-it,no_rag,0.0,1.0
clinical_astra_b04_006,meta-llama/Llama-3.1-8B-Instruct,no_rag,0.0,0.0
clinical_astra_b04_006,meta-llama/Llama-3.2-1B-Instruct,no_rag,0.0,0.0
clinical_astra_b04_006,microsoft/phi-4,no_rag,0.0,0.0
clinical_astra_b04_007,Qwen/Qwen3.8-27B,no_rag,1.0,1.0
clinical_astra_b04_007,XHToken/Spark-X2.5-4B,no_rag,0.0,0.0
clinical_astra_b04_007,google/gemma-3-27b-it,no_rag,0.0,0.0
clinical_astra_b04_007,google/gemma-4-12B-it,no_rag,0.0,1.0
clinical_astra_b04_007,microsoft/phi-4,no_rag,1.0,1.0
clinical_astra_b04_008,Qwen/Qwen3.8-27B,no_rag,1.0,1.0
clinical_astra_b04_008,XHToken/Spark-X2.5-4B,no_rag,0.0,1.0
clinical_astra_b04_008,google/gemma-4-12B-it,no_rag,0.0,1.0
clinical_astra_b04_008,microsoft/phi-4,no_rag,1.0,1.0
clinical_astra_b04_009,Qwen/Qwen3.8-27B,no_rag,1.0,1.0
clinical_astra_b04_009,XHToken/Spark-X2.5-4B,no_rag,0.0,0.0
clinical_astra_b04_009,google/gemma-3-12b-it,no_rag,0.0,0.0
clinical_astra_b04_009,google/gemma-3-27b-it,no_rag,0.0,0.0
clinical_astra_b04_009,meta-llama/Llama-3.1-8B-Instruct,no_rag,0.0,0.0
clinical_astra_b04_009,meta-llama/Llama-3.2-1B-Instruct,no_rag,0.0,0.0
clinical_astra_b04_009,microsoft/phi-4,no_rag,0.0,0.0
clinical_astra_b04_010,Qwen/Qwen3.8-27B,no_rag,1.0,1.0
clinical_astra_b04_010,google/gemma-3-12b-it,no_rag,1.0,1.0
clinical_astra_b04_010,google/gemma-3-27b-it,no_rag,1.0,1.0
clinical_astra_b04_010,google/gemma-4-12B-it,no_rag,1.0,1.0
clinical_astra_b04_010,meta-llama/Llama-3.1-8B-Instruct,no_rag,1.0,1.0
clinical_astra_b04_010,meta-llama/Llama-3.2-1B-Instruct,no_rag,0.0,0.0
clinical_astra_b04_010,microsoft/phi-4,no_rag,1.0,1.0
clinical_astra_b04_011,Qwen/Qwen3.8-27B,no_rag,1.0,1.0
clinical_astra_b04_011,XHToken/Spark-X2.5-4B,no_rag,1.0,0.0
clinical_astra_b04_011,google/gemma-3-12b-it,no_rag,1.0,1.0
clinical_astra_b04_011,google/gemma-3-27b-it,no_rag,1.0,1.0
clinical_astra_b04_011,google/gemma-4-12B-it,no_rag,1.0,1.0
clinical_astra_b04_011,meta-llama/Llama-3.1-8B-Instruct,no_rag,1.0,1.0
clinical_astra_b04_011,meta-llama/Llama-3.2-1B-Instruct,no_rag,1.0,1.0
clinical_astra_b04_011,microsoft/phi-4,no_rag,1.0,1.0
clinical_astra_b04_012,Qwen/Qwen3.8-27B,no_rag,1.0,1.0
clinical_astra_b04_012,XHToken/Spark-X2.5-4B,no_rag,1.0,1.0
clinical_astra_b04_012,google/gemma-3-12b-it,no_rag,1.0,1.0
clinical_astra_b04_012,google/gemma-3-27b-it,no_rag,1.0,1.0
clinical_astra_b04_012,google/gemma-4-12B-it,no_rag,1.0,1.0
clinical_astra_b04_012,meta-llama/Llama-3.1-8B-Instruct,no_rag,1.0,1.0
clinical_astra_b04_012,microsoft/phi-4,no_rag,1.0,1.0
clinical_astra_b04_013,Qwen/Qwen3.8-27B,no_rag,1.0,1.0
clinical_astra_b04_013,XHToken/Spark-X2.5-4B,no_rag,0.0,1.0
clinical_astra_b04_013,google/gemma-3-27b-it,no_rag,1.0,1.0
clinical_astra_b04_013,meta-llama/Llama-3.1-8B-Instruct,no_rag,0.0,0.0
clinical_astra_b04_013,microsoft/phi-4,no_rag,1.0,1.0
clinical_astra_b04_014,Qwen/Qwen3.8-27B,no_rag,1.0,1.0
clinical_astra_b04_014,google/gemma-3-27b-it,no_rag,0.0,1.0
clinical_astra_b04_014,google/gemma-4-12B-it,no_rag,0.0,0.0
clinical_astra_b04_014,meta-llama/Llama-3.2-1B-Instruct,no_rag,0.0,0.0
clinical_astra_b04_014,microsoft/phi-4,no_rag,1.0,1.0
clinical_astra_b04_015,Qwen/Qwen3.8-27B,no_rag,1.0,1.0
clinical_astra_b04_015,XHToken/Spark-X2.5-4B,no_rag,1.0,1.0
clinical_astra_b04_015,google/gemma-3-12b-it,no_rag,0.0,1.0
clinical_astra_b04_015,google/gemma-3-27b-it,no_rag,1.0,1.0
clinical_astra_b04_015,google/gemma-4-12B-it,no_rag,1.0,1.0
clinical_astra_b04_015,meta-llama/Llama-3.2-1B-Instruct,no_rag,0.0,0.0
clinical_astra_b04_015,microsoft/phi-4,no_rag,1.0,1.0
clinical_astra_b04_016,Qwen/Qwen3.8-27B,no_rag,1.0,1.0
clinical_astra_b04_016,XHToken/Spark-X2.5-4B,no_rag,0.0,1.0
clinical_astra_b04_016,google/gemma-3-12b-it,no_rag,1.0,1.0
clinical_astra_b04_016,google/gemma-3-27b-it,no_rag,0.0,0.0
clinical_astra_b04_016,meta-llama/Llama-3.1-8B-Instruct,no_rag,1.0,1.0
clinical_astra_b04_016,meta-llama/Llama-3.2-1B-Instruct,no_rag,0.0,0.0
clinical_astra_b04_016,microsoft/phi-4,no_rag,1.0,1.0
clinical_astra_b04_017,Qwen/Qwen3.8-27B,no_rag,1.0,1.0
clinical_astra_b04_017,google/gemma-3-12b-it,no_rag,1.0,1.0
clinical_astra_b04_017,google/gemma-3-27b-it,no_rag,1.0,0.0
clinical_astra_b04_017,google/gemma-4-12B-it,no_rag,1.0,1.0
clinical_astra_b04_017,meta-llama/Llama-3.1-8B-Instruct,no_rag,1.0,1.0
clinical_astra_b04_017,microsoft/phi-4,no_rag,1.0,1.0
clinical_astra_b04_018,Qwen/Qwen3.8-27B,no_rag,1.0,1.0
clinical_astra_b04_018,google/gemma-3-12b-it,no_rag,0.0,1.0
clinical_astra_b04_018,google/gemma-3-27b-it,no_rag,1.0,1.0
clinical_astra_b04_018,google/gemma-4-12B-it,no_rag,1.0,1.0
clinical_astra_b04_018,meta-llama/Llama-3.1-8B-Instruct,no_rag,1.0,1.0
clinical_astra_b04_018,microsoft/phi-4,no_rag,1.0,1.0
clinical_astra_b04_019,Qwen/Qwen3.8-27B,no_rag,1.0,1.0
clinical_astra_b04_019,XHToken/Spark-X2.5-4B,no_rag,1.0,0.0
clinical_astra_b04_019,google/gemma-3-12b-it,no_rag,0.0,0.0
clinical_astra_b04_019,google/gemma-4-12B-it,no_rag,1.0,1.0
clinical_astra_b04_019,meta-llama/Llama-3.1-8B-Instruct,no_rag,1.0,1.0
clinical_astra_b04_019,meta-llama/Llama-3.2-1B-Instruct,no_rag,0.0,0.0
clinical_astra_b04_019,microsoft/phi-4,no_rag,1.0,1.0
clinical_astra_b04_020,Qwen/Qwen3.8-27B,no_rag,1.0,1.0
clinical_astra_b04_020,XHToken/Spark-X2.5-4B,no_rag,0.0,1.0
clinical_astra_b04_020,google/gemma-3-27b-it,no_rag,0.0,0.0
clinical_astra_b04_020,meta-llama/Llama-3.2-1B-Instruct,no_rag,0.0,0.0
clinical_astra_b04_020,microsoft/phi-4,no_rag,1.0,1.0
clinical_astra_b05_001,Qwen/Qwen3.8-27B,no_rag,1.0,1.0
clinical_astra_b05_001,XHToken/Spark-X2.5-4B,no_rag,0.0,1.0
clinical_astra_b05_001,google/gemma-3-12b-it,no_rag,0.0,1.0
clinical_astra_b05_001,google/gemma-3-27b-it,no_rag,1.0,1.0
clinical_astra_b05_001,google/gemma-4-12B-it,no_rag,1.0,1.0
clinical_astra_b05_001,meta-llama/Llama-3.1-8B-Instruct,no_rag,1.0,1.0
clinical_astra_b05_001,meta-llama/Llama-3.2-1B-Instruct,no_rag,0.0,0.0
clinical_astra_b05_001,microsoft/phi-4,no_rag,1.0,1.0
clinical_astra_b05_002,Qwen/Qwen3.8-27B,no_rag,1.0,1.0
clinical_astra_b05_002,google/gemma-3-27b-it,no_rag,0.0,1.0
clinical_astra_b05_002,google/gemma-4-12B-it,no_rag,1.0,0.0
clinical_astra_b05_003,google/gemma-3-12b-it,no_rag,0.0,0.0
clinical_astra_b05_003,meta-llama/Llama-3.1-8B-Instruct,no_rag,0.0,0.0
clinical_astra_b05_003,meta-llama/Llama-3.2-1B-Instruct,no_rag,0.0,0.0
clinical_astra_b05_003,microsoft/phi-4,no_rag,0.0,0.0
clinical_astra_b05_004,Qwen/Qwen3.8-27B,no_rag,1.0,1.0
clinical_astra_b05_004,google/gemma-3-12b-it,no_rag,1.0,1.0
clinical_astra_b05_004,google/gemma-3-27b-it,no_rag,1.0,1.0
clinical_astra_b05_004,google/gemma-4-12B-it,no_rag,1.0,1.0
clinical_astra_b05_004,meta-llama/Llama-3.1-8B-Instruct,no_rag,1.0,1.0
clinical_astra_b05_004,meta-llama/Llama-3.2-1B-Instruct,no_rag,0.0,0.0
clinical_astra_b05_004,microsoft/phi-4,no_rag,1.0,1.0
clinical_astra_b05_005,Qwen/Qwen3.8-27B,no_rag,1.0,1.0
clinical_astra_b05_005,XHToken/Spark-X2.5-4B,no_rag,1.0,1.0
clinical_astra_b05_005,google/gemma-3-12b-it,no_rag,1.0,1.0
clinical_astra_b05_005,google/gemma-3-27b-it,no_rag,1.0,1.0
clinical_astra_b05_005,google/gemma-4-12B-it,no_rag,1.0,1.0
clinical_astra_b05_005,meta-llama/Llama-3.1-8B-Instruct,no_rag,1.0,1.0
clinical_astra_b05_005,meta-llama/Llama-3.2-1B-Instruct,no_rag,0.0,0.0
clinical_astra_b05_005,microsoft/phi-4,no_rag,1.0,1.0
clinical_astra_b05_006,Qwen/Qwen3.8-27B,no_rag,1.0,1.0
clinical_astra_b05_006,XHToken/Spark-X2.5-4B,no_rag,0.0,0.0
clinical_astra_b05_006,google/gemma-3-12b-it,no_rag,0.0,0.0
clinical_astra_b05_006,google/gemma-3-27b-it,no_rag,1.0,1.0
clinical_astra_b05_006,google/gemma-4-12B-it,no_rag,1.0,1.0
clinical_astra_b05_006,meta-llama/Llama-3.1-8B-Instruct,no_rag,1.0,1.0
clinical_astra_b05_006,microsoft/phi-4,no_rag,1.0,1.0
clinical_astra_b05_007,Qwen/Qwen3.8-27B,no_rag,1.0,1.0
clinical_astra_b05_007,XHToken/Spark-X2.5-4B,no_rag,0.0,0.0
clinical_astra_b05_007,google/gemma-3-12b-it,no_rag,1.0,1.0
clinical_astra_b05_007,google/gemma-3-27b-it,no_rag,1.0,1.0
clinical_astra_b05_007,google/gemma-4-12B-it,no_rag,0.0,1.0
clinical_astra_b05_007,meta-llama/Llama-3.1-8B-Instruct,no_rag,0.0,0.0
clinical_astra_b05_007,microsoft/phi-4,no_rag,1.0,1.0
clinical_astra_b05_008,Qwen/Qwen3.8-27B,no_rag,1.0,1.0
clinical_astra_b05_008,XHToken/Spark-X2.5-4B,no_rag,0.0,0.0
clinical_astra_b05_008,google/gemma-3-12b-it,no_rag,1.0,1.0
clinical_astra_b05_008,google/gemma-3-27b-it,no_rag,1.0,1.0
clinical_astra_b05_008,meta-llama/Llama-3.1-8B-Instruct,no_rag,0.0,1.0
clinical_astra_b05_008,meta-llama/Llama-3.2-1B-Instruct,no_rag,0.0,0.0
clinical_astra_b05_008,microsoft/phi-4,no_rag,1.0,1.0
clinical_astra_b05_009,Qwen/Qwen3.8-27B,no_rag,1.0,1.0
clinical_astra_b05_009,XHToken/Spark-X2.5-4B,no_rag,0.0,1.0
clinical_astra_b05_009,google/gemma-3-27b-it,no_rag,0.0,0.0
clinical_astra_b05_009,google/gemma-4-12B-it,no_rag,0.0,0.0
clinical_astra_b05_009,meta-llama/Llama-3.1-8B-Instruct,no_rag,0.0,0.0
clinical_astra_b05_009,meta-llama/Llama-3.2-1B-Instruct,no_rag,0.0,0.0
clinical_astra_b05_009,microsoft/phi-4,no_rag,1.0,1.0
clinical_astra_b05_010,Qwen/Qwen3.8-27B,no_rag,1.0,1.0
clinical_astra_b05_010,google/gemma-3-12b-it,no_rag,0.0,0.0
clinical_astra_b05_010,google/gemma-4-12B-it,no_rag,0.0,1.0
clinical_astra_b05_010,meta-llama/Llama-3.1-8B-Instruct,no_rag,1.0,0.0
clinical_astra_b05_010,meta-llama/Llama-3.2-1B-Instruct,no_rag,0.0,0.0
clinical_astra_b05_010,microsoft/phi-4,no_rag,0.0,0.0
clinical_astra_b05_011,google/gemma-3-27b-it,no_rag,1.0,1.0
clinical_astra_b05_011,google/gemma-4-12B-it,no_rag,0.0,1.0
clinical_astra_b05_011,meta-llama/Llama-3.2-1B-Instruct,no_rag,0.0,0.0
clinical_astra_b05_012,Qwen/Qwen3.8-27B,no_rag,1.0,1.0
clinical_astra_b05_012,XHToken/Spark-X2.5-4B,no_rag,0.0,1.0
clinical_astra_b05_012,google/gemma-3-27b-it,no_rag,1.0,1.0
clinical_astra_b05_012,meta-llama/Llama-3.1-8B-Instruct,no_rag,0.0,0.0
clinical_astra_b05_012,meta-llama/Llama-3.2-1B-Instruct,no_rag,0.0,0.0
clinical_astra_b05_012,microsoft/phi-4,no_rag,0.0,1.0
clinical_astra_b05_013,google/gemma-3-12b-it,no_rag,0.0,0.0
clinical_astra_b05_013,google/gemma-3-27b-it,no_rag,1.0,1.0
clinical_astra_b05_013,meta-llama/Llama-3.1-8B-Instruct,no_rag,0.0,0.0
clinical_astra_b05_013,meta-llama/Llama-3.2-1B-Instruct,no_rag,0.0,0.0
clinical_astra_b05_014,Qwen/Qwen3.8-27B,no_rag,1.0,1.0
clinical_astra_b05_014,XHToken/Spark-X2.5-4B,no_rag,1.0,0.0
clinical_astra_b05_014,google/gemma-3-27b-it,no_rag,1.0,1.0
clinical_astra_b05_014,microsoft/phi-4,no_rag,0.0,0.0
clinical_astra_b05_015,Qwen/Qwen3.8-27B,no_rag,1.0,1.0
clinical_astra_b05_015,XHToken/Spark-X2.5-4B,no_rag,0.0,0.0
clinical_astra_b05_015,google/gemma-3-27b-it,no_rag,1.0,1.0
clinical_astra_b05_015,google/gemma-4-12B-it,no_rag,1.0,1.0
clinical_astra_b05_015,meta-llama/Llama-3.1-8B-Instruct,no_rag,1.0,1.0
clinical_astra_b05_015,microsoft/phi-4,no_rag,1.0,1.0
clinical_astra_b05_016,Qwen/Qwen3.8-27B,no_rag,1.0,1.0
clinical_astra_b05_016,google/gemma-3-12b-it,no_rag,1.0,0.0
clinical_astra_b05_016,google/gemma-4-12B-it,no_rag,1.0,1.0
clinical_astra_b05_016,meta-llama/Llama-3.1-8B-Instruct,no_rag,1.0,1.0
clinical_astra_b05_016,microsoft/phi-4,no_rag,1.0,1.0
clinical_astra_b05_017,Qwen/Qwen3.8-27B,no_rag,1.0,1.0
clinical_astra_b05_017,XHToken/Spark-X2.5-4B,no_rag,0.0,1.0
clinical_astra_b05_017,google/gemma-3-12b-it,no_rag,1.0,1.0
clinical_astra_b05_017,google/gemma-3-27b-it,no_rag,1.0,1.0
clinical_astra_b05_017,google/gemma-4-12B-it,no_rag,1.0,1.0
clinical_astra_b05_017,meta-llama/Llama-3.1-8B-Instruct,no_rag,1.0,1.0
clinical_astra_b05_017,meta-llama/Llama-3.2-1B-Instruct,no_rag,1.0,1.0
clinical_astra_b05_017,microsoft/phi-4,no_rag,1.0,1.0
clinical_astra_b05_018,Qwen/Qwen3.8-27B,no_rag,1.0,1.0
clinical_astra_b05_018,XHToken/Spark-X2.5-4B,no_rag,0.0,0.0
clinical_astra_b05_018,google/gemma-3-12b-it,no_rag,1.0,1.0
clinical_astra_b05_018,google/gemma-3-27b-it,no_rag,0.0,1.0
clinical_astra_b05_018,google/gemma-4-12B-it,no_rag,0.0,0.0
clinical_astra_b05_018,meta-llama/Llama-3.1-8B-Instruct,no_rag,0.0,0.0
clinical_astra_b05_018,microsoft/phi-4,no_rag,1.0,1.0
clinical_astra_b05_019,Qwen/Qwen3.8-27B,no_rag,1.0,1.0
clinical_astra_b05_019,XHToken/Spark-X2.5-4B,no_rag,0.0,0.0
clinical_astra_b05_019,google/gemma-3-12b-it,no_rag,0.0,0.0
clinical_astra_b05_019,google/gemma-3-27b-it,no_rag,1.0,1.0
clinical_astra_b05_019,meta-llama/Llama-3.1-8B-Instruct,no_rag,0.0,0.0
clinical_astra_b05_019,microsoft/phi-4,no_rag,0.0,0.0
clinical_astra_b05_020,Qwen/Qwen3.8-27B,no_rag,1.0,1.0
clinical_astra_b05_020,XHToken/Spark-X2.5-4B,no_rag,1.0,1.0
clinical_astra_b05_020,google/gemma-3-12b-it,no_rag,1.0,1.0
clinical_astra_b05_020,google/gemma-3-27b-it,no_rag,1.0,1.0
clinical_astra_b05_020,google/gemma-4-12B-it,no_rag,1.0,1.0
clinical_astra_b05_020,meta-llama/Llama-3.1-8B-Instruct,no_rag,0.0,1.0
clinical_astra_b05_020,meta-llama/Llama-3.2-1B-Instruct,no_rag,0.0,0.0
clinical_astra_b05_020,microsoft/phi-4,no_rag,1.0,1.0
clinical_astra_b06_001,google/gemma-3-27b-it,no_rag,0.0,0.0
clinical_astra_b06_001,meta-llama/Llama-3.1-8B-Instruct,no_rag,0.0,0.0
clinical_astra_b06_001,meta-llama/Llama-3.2-1B-Instruct,no_rag,0.0,0.0
clinical_astra_b06_002,Qwen/Qwen3.8-27B,no_rag,1.0,1.0
clinical_astra_b06_002,google/gemma-3-27b-it,no_rag,1.0,1.0
clinical_astra_b06_002,google/gemma-4-12B-it,no_rag,1.0,1.0
clinical_astra_b06_002,meta-llama/Llama-3.1-8B-Instruct,no_rag,0.0,0.0
clinical_astra_b06_002,meta-llama/Llama-3.2-1B-Instruct,no_rag,0.0,0.0
clinical_astra_b06_002,microsoft/phi-4,no_rag,1.0,1.0
clinical_astra_b06_003,Qwen/Qwen3.8-27B,no_rag,1.0,1.0
clinical_astra_b06_003,XHToken/Spark-X2.5-4B,no_rag,0.0,1.0
clinical_astra_b06_003,google/gemma-3-12b-it,no_rag,1.0,0.0
clinical_astra_b06_003,google/gemma-3-27b-it,no_rag,1.0,0.0
clinical_astra_b06_003,google/gemma-4-12B-it,no_rag,1.0,1.0
clinical_astra_b06_003,meta-llama/Llama-3.1-8B-Instruct,no_rag,0.0,0.0
clinical_astra_b06_003,microsoft/phi-4,no_rag,1.0,1.0
clinical_astra_b06_004,XHToken/Spark-X2.5-4B,no_rag,0.0,0.0
clinical_astra_b06_004,google/gemma-3-12b-it,no_rag,0.0,0.0
clinical_astra_b06_004,google/gemma-3-27b-it,no_rag,0.0,0.0
clinical_astra_b06_004,google/gemma-4-12B-it,no_rag,1.0,0.0
clinical_astra_b06_004,meta-llama/Llama-3.1-8B-Instruct,no_rag,0.0,0.0
clinical_astra_b06_004,meta-llama/Llama-3.2-1B-Instruct,no_rag,0.0,0.0
clinical_astra_b06_004,microsoft/phi-4,no_rag,0.0,0.0
clinical_astra_b06_005,XHToken/Spark-X2.5-4B,no_rag,0.0,0.0
clinical_astra_b06_005,google/gemma-3-12b-it,no_rag,0.0,0.0
clinical_astra_b06_005,google/gemma-3-27b-it,no_rag,0.0,0.0
clinical_astra_b06_005,google/gemma-4-12B-it,no_rag,1.0,1.0
clinical_astra_b06_005,microsoft/phi-4,no_rag,0.0,1.0
clinical_astra_b06_006,Qwen/Qwen3.8-27B,no_rag,1.0,1.0
clinical_astra_b06_006,XHToken/Spark-X2.5-4B,no_rag,1.0,1.0
clinical_astra_b06_006,google/gemma-3-12b-it,no_rag,1.0,1.0
clinical_astra_b06_006,google/gemma-3-27b-it,no_rag,1.0,1.0
clinical_astra_b06_006,google/gemma-4-12B-it,no_rag,1.0,0.0
clinical_astra_b06_006,meta-llama/Llama-3.1-8B-Instruct,no_rag,0.0,0.0
clinical_astra_b06_006,meta-llama/Llama-3.2-1B-Instruct,no_rag,0.0,0.0
clinical_astra_b06_006,microsoft/phi-4,no_rag,1.0,1.0
clinical_astra_b06_007,Qwen/Qwen3.8-27B,no_rag,1.0,1.0
clinical_astra_b06_007,google/gemma-3-12b-it,no_rag,1.0,1.0
clinical_astra_b06_007,google/gemma-3-27b-it,no_rag,1.0,1.0
clinical_astra_b06_007,google/gemma-4-12B-it,no_rag,1.0,1.0
clinical_astra_b06_007,meta-llama/Llama-3.1-8B-Instruct,no_rag,1.0,1.0
clinical_astra_b06_007,meta-llama/Llama-3.2-1B-Instruct,no_rag,0.0,0.0
clinical_astra_b06_007,microsoft/phi-4,no_rag,1.0,1.0
clinical_astra_b06_008,Qwen/Qwen3.8-27B,no_rag,1.0,1.0
clinical_astra_b06_008,XHToken/Spark-X2.5-4B,no_rag,0.0,0.0
clinical_astra_b06_008,meta-llama/Llama-3.1-8B-Instruct,no_rag,0.0,0.0
clinical_astra_b06_008,microsoft/phi-4,no_rag,0.0,1.0
clinical_astra_b06_009,Qwen/Qwen3.8-27B,no_rag,1.0,1.0
clinical_astra_b06_009,google/gemma-3-12b-it,no_rag,1.0,1.0
clinical_astra_b06_009,google/gemma-3-27b-it,no_rag,1.0,1.0
clinical_astra_b06_009,google/gemma-4-12B-it,no_rag,1.0,1.0
clinical_astra_b06_009,meta-llama/Llama-3.1-8B-Instruct,no_rag,1.0,1.0
clinical_astra_b06_009,meta-llama/Llama-3.2-1B-Instruct,no_rag,1.0,0.0
clinical_astra_b06_009,microsoft/phi-4,no_rag,1.0,1.0
clinical_astra_b06_010,Qwen/Qwen3.8-27B,no_rag,1.0,1.0
clinical_astra_b06_010,XHToken/Spark-X2.5-4B,no_rag,0.0,0.0
clinical_astra_b06_010,google/gemma-3-12b-it,no_rag,0.0,1.0
clinical_astra_b06_010,google/gemma-3-27b-it,no_rag,1.0,1.0
clinical_astra_b06_010,google/gemma-4-12B-it,no_rag,0.0,1.0
clinical_astra_b06_010,meta-llama/Llama-3.1-8B-Instruct,no_rag,1.0,1.0
clinical_astra_b06_010,meta-llama/Llama-3.2-1B-Instruct,no_rag,0.0,0.0
clinical_astra_b06_010,microsoft/phi-4,no_rag,1.0,1.0
clinical_astra_b06_011,Qwen/Qwen3.8-27B,no_rag,1.0,1.0
clinical_astra_b06_011,XHToken/Spark-X2.5-4B,no_rag,0.0,1.0
clinical_astra_b06_011,google/gemma-3-12b-it,no_rag,1.0,1.0
clinical_astra_b06_011,meta-llama/Llama-3.1-8B-Instruct,no_rag,0.0,0.0
clinical_astra_b06_011,microsoft/phi-4,no_rag,1.0,1.0
clinical_astra_b06_012,Qwen/Qwen3.8-27B,no_rag,1.0,1.0
clinical_astra_b06_012,XHToken/Spark-X2.5-4B,no_rag,0.0,0.0
clinical_astra_b06_012,google/gemma-3-12b-it,no_rag,0.0,0.0
clinical_astra_b06_012,google/gemma-4-12B-it,no_rag,1.0,1.0
clinical_astra_b06_012,meta-llama/Llama-3.1-8B-Instruct,no_rag,0.0,0.0
clinical_astra_b06_012,meta-llama/Llama-3.2-1B-Instruct,no_rag,0.0,0.0
clinical_astra_b06_012,microsoft/phi-4,no_rag,0.0,0.0
clinical_astra_b06_013,Qwen/Qwen3.8-27B,no_rag,1.0,1.0
clinical_astra_b06_013,google/gemma-3-27b-it,no_rag,1.0,1.0
clinical_astra_b06_013,google/gemma-4-12B-it,no_rag,1.0,1.0
clinical_astra_b06_013,meta-llama/Llama-3.1-8B-Instruct,no_rag,1.0,1.0
clinical_astra_b06_013,meta-llama/Llama-3.2-1B-Instruct,no_rag,0.0,0.0
clinical_astra_b06_013,microsoft/phi-4,no_rag,1.0,1.0
clinical_astra_b06_014,Qwen/Qwen3.8-27B,no_rag,1.0,1.0
clinical_astra_b06_014,google/gemma-3-12b-it,no_rag,0.0,1.0
clinical_astra_b06_014,google/gemma-3-27b-it,no_rag,1.0,1.0
clinical_astra_b06_014,google/gemma-4-12B-it,no_rag,1.0,1.0
clinical_astra_b06_014,microsoft/phi-4,no_rag,1.0,1.0
clinical_astra_b06_015,Qwen/Qwen3.8-27B,no_rag,1.0,1.0
clinical_astra_b06_015,XHToken/Spark-X2.5-4B,no_rag,0.0,1.0
clinical_astra_b06_015,google/gemma-3-12b-it,no_rag,1.0,1.0
clinical_astra_b06_015,google/gemma-3-27b-it,no_rag,1.0,1.0
clinical_astra_b06_015,google/gemma-4-12B-it,no_rag,1.0,1.0
clinical_astra_b06_015,meta-llama/Llama-3.1-8B-Instruct,no_rag,1.0,1.0
clinical_astra_b06_015,meta-llama/Llama-3.2-1B-Instruct,no_rag,1.0,1.0
clinical_astra_b06_015,microsoft/phi-4,no_rag,1.0,1.0
clinical_astra_b06_016,Qwen/Qwen3.8-27B,no_rag,1.0,1.0
clinical_astra_b06_016,XHToken/Spark-X2.5-4B,no_rag,1.0,1.0
clinical_astra_b06_016,google/gemma-3-12b-it,no_rag,1.0,1.0
clinical_astra_b06_016,google/gemma-3-27b-it,no_rag,1.0,1.0
clinical_astra_b06_016,google/gemma-4-12B-it,no_rag,1.0,1.0
clinical_astra_b06_016,meta-llama/Llama-3.1-8B-Instruct,no_rag,1.0,1.0
clinical_astra_b06_016,meta-llama/Llama-3.2-1B-Instruct,no_rag,0.0,0.0
clinical_astra_b06_016,microsoft/phi-4,no_rag,1.0,1.0
clinical_astra_b06_017,Qwen/Qwen3.8-27B,no_rag,1.0,1.0
clinical_astra_b06_017,XHToken/Spark-X2.5-4B,no_rag,1.0,1.0
clinical_astra_b06_017,google/gemma-3-12b-it,no_rag,1.0,1.0
clinical_astra_b06_017,google/gemma-3-27b-it,no_rag,1.0,1.0
clinical_astra_b06_017,google/gemma-4-12B-it,no_rag,1.0,1.0
clinical_astra_b06_017,meta-llama/Llama-3.1-8B-Instruct,no_rag,0.0,1.0
clinical_astra_b06_018,Qwen/Qwen3.8-27B,no_rag,1.0,1.0
clinical_astra_b06_018,XHToken/Spark-X2.5-4B,no_rag,0.0,0.0
clinical_astra_b06_018,google/gemma-3-12b-it,no_rag,0.0,1.0
clinical_astra_b06_018,google/gemma-4-12B-it,no_rag,1.0,1.0
clinical_astra_b06_018,meta-llama/Llama-3.1-8B-Instruct,no_rag,1.0,1.0
clinical_astra_b06_018,meta-llama/Llama-3.2-1B-Instruct,no_rag,0.0,0.0
clinical_astra_b06_018,microsoft/phi-4,no_rag,0.0,1.0
clinical_astra_b06_019,Qwen/Qwen3.8-27B,no_rag,1.0,1.0
clinical_astra_b06_019,XHToken/Spark-X2.5-4B,no_rag,1.0,1.0
clinical_astra_b06_019,meta-llama/Llama-3.2-1B-Instruct,no_rag,1.0,1.0
clinical_astra_b06_019,microsoft/phi-4,no_rag,1.0,1.0
clinical_astra_b06_020,Qwen/Qwen3.8-27B,no_rag,1.0,1.0
clinical_astra_b06_020,google/gemma-3-12b-it,no_rag,1.0,0.0
clinical_astra_b06_020,google/gemma-4-12B-it,no_rag,1.0,1.0
clinical_astra_b06_020,microsoft/phi-4,no_rag,1.0,1.0
